175.01,
175.03,
175.05,
175.08,
175.1,
175.13,
175.15,
175.17,
175.2,
175.22,
175.24,
175.29,
175.32,
175.34,
175.36,
175.39,
175.41,
175.43,
175.46,
175.48,
175.51,
175.53,
175.55,
175.58,
175.6,
175.62,
175.65,
175.67,
175.69,
175.72,
175.74,
175.76,
175.79,
175.81,
175.83,
175.88,
175.91,
175.93,
175.96,
175.98,
176.0,
176.02,
176.05,
176.07,
176.1,
176.12,
176.14,
176.16,
176.19,
176.21,
176.24,
176.26,
176.28,
176.31,
176.33,
176.35,
176.38,
176.4,
176.42,
176.45,364.7
176.47,364.6666666666667
176.52,364.6166666666667
176.54,364.5833333333333
176.57,364.55
176.59,364.51666666666665
176.62,364.5
176.64,364.48333333333335
176.66,364.46666666666664
176.69,364.46666666666664
176.71,364.46666666666664
176.73,364.46666666666664
176.76,364.48333333333335
176.78,364.5
176.8,364.53333333333336
176.83,364.55
176.85,364.56666666666666
176.87,364.5833333333333
176.9,364.6
176.92,364.6333333333333
176.94,364.6666666666667
176.97,364.7
176.99,364.73333333333335
177.01,364.76666666666665
177.04,364.78333333333336
177.06,364.8
177.11,364.8333333333333
177.13,364.85
177.16,364.8666666666667
177.18,364.8833333333333
177.2,364.9
177.23,364.9166666666667
177.25,364.9
177.27,364.8833333333333
177.3,364.8666666666667
177.32,364.85
177.34,364.8
177.37,364.76666666666665
177.39,364.73333333333335
177.41,364.7
177.44,364.68333333333334
177.46,364.68333333333334
177.48,364.6666666666667
177.51,364.65
177.53,364.65
177.55,364.65
177.58,364.65
177.6,364.6333333333333
177.63,364.6333333333333
177.65,364.6333333333333
177.67,364.6333333333333
177.69,364.65
177.74,364.6666666666667
177.77,364.6666666666667
177.79,364.68333333333334
177.82,364.7
177.84,364.71666666666664
177.87,364.75
177.89,364.76666666666665
177.91,364.78333333333336
177.94,364.8
177.96,364.81666666666666
177.98,364.85
178.01,364.8666666666667
178.03,364.8833333333333
178.05,364.8833333333333
178.08,364.8666666666667
178.1,364.85
178.12,364.8333333333333
178.15,364.8
178.17,364.78333333333336
178.19,364.75
178.22,364.71666666666664
178.24,364.68333333333334
178.26,364.6333333333333
178.29,364.6
178.34,364.5833333333333
178.36,364.56666666666666
178.38,364.55
178.41,364.53333333333336
178.43,364.51666666666665
178.45,364.51666666666665
178.48,364.51666666666665
178.5,364.51666666666665
178.52,364.53333333333336
178.55,364.55
178.57,364.56666666666666
178.59,364.5833333333333
178.62,364.6
178.64,364.6166666666667
178.66,364.6333333333333
178.69,364.65
178.71,364.6666666666667
178.74,364.68333333333334
178.76,364.7
178.78,364.71666666666664
178.8,364.73333333333335
178.83,364.75
178.85,364.75
178.88,364.76666666666665
178.9,364.76666666666665
178.92,364.75
178.97,364.75
178.99,364.75
179.02,364.73333333333335
179.04,364.71666666666664
179.06,364.7
179.09,364.68333333333334
179.11,364.6666666666667
179.13,364.65
179.16,364.6333333333333
179.18,364.6
179.21,364.5833333333333
179.23,364.56666666666666
179.25,364.55
179.27,364.53333333333336
179.3,364.53333333333336
179.32,364.51666666666665
179.35,364.51666666666665
179.37,364.51666666666665
179.39,364.51666666666665
179.41,364.53333333333336
179.44,364.55
179.46,364.56666666666666
179.49,364.6
179.51,364.65
179.53,364.7
179.58,364.75
179.61,364.78333333333336
179.63,364.8333333333333
179.65,364.8666666666667
179.68,364.9
179.7,364.93333333333334
179.72,364.95
179.75,364.98333333333335
179.77,365.0
179.79,365.0
179.82,365.0
179.84,365.0
179.86,364.98333333333335
179.89,364.96666666666664
179.91,364.93333333333334
179.93,364.8833333333333
179.96,364.85
179.98,364.8
180.0,364.75
180.03,364.7
180.05,364.6666666666667
180.08,364.6333333333333
180.1,364.6
180.12,364.56666666666666
180.15,364.53333333333336
180.2,364.53333333333336
180.22,364.53333333333336
180.24,364.53333333333336
180.27,364.53333333333336
180.29,364.55
180.31,364.55
180.34,364.56666666666666
180.36,364.56666666666666
180.38,364.56666666666666
180.41,364.5833333333333
180.43,364.5833333333333
180.45,364.5833333333333
180.48,364.6
180.5,364.6166666666667
180.52,364.6333333333333
180.55,364.65
180.57,364.6666666666667
180.59,364.68333333333334
180.62,364.68333333333334
180.64,364.7
180.66,364.71666666666664
180.69,364.73333333333335
180.71,364.75
180.73,364.76666666666665
180.76,364.76666666666665
180.81,364.75
180.83,364.73333333333335
180.85,364.71666666666664
180.88,364.7
180.9,364.6666666666667
180.92,364.6333333333333
180.95,364.6
180.97,364.56666666666666
180.99,364.53333333333336
181.02,364.5
181.04,364.48333333333335
181.07,364.46666666666664
181.09,364.45
181.11,364.43333333333334
181.13,364.43333333333334
181.16,364.43333333333334
181.18,364.45
181.21,364.45
181.23,364.46666666666664
181.26,364.48333333333335
181.28,364.5
181.3,364.51666666666665
181.32,364.53333333333336
181.35,364.56666666666666
181.37,364.6
181.42,364.65
181.45,364.68333333333334
181.47,364.73333333333335
181.49,364.76666666666665
181.52,364.8
181.54,364.8333333333333
181.56,364.85
181.59,364.8666666666667
181.61,364.8833333333333
181.63,364.8833333333333
181.66,364.8666666666667
181.68,364.85
181.71,364.8333333333333
181.73,364.8
181.75,364.76666666666665
181.78,364.75
181.8,364.73333333333335
181.82,364.71666666666664
181.85,364.71666666666664
181.87,364.7
181.89,364.7
181.92,364.7
181.94,364.68333333333334
181.96,364.6666666666667
181.99,364.6666666666667
182.04,364.6666666666667
182.06,364.6666666666667
182.09,364.65
182.11,364.65
182.13,364.65
182.16,364.6333333333333
182.18,364.6333333333333
182.2,364.6333333333333
182.23,364.6333333333333
182.25,364.65
182.27,364.68333333333334
182.3,364.7
182.32,364.71666666666664
182.35,364.75
182.37,364.78333333333336
182.39,364.81666666666666
182.42,364.85
182.44,364.8666666666667
182.46,364.8833333333333
182.49,364.9
182.51,364.9
182.53,364.9
182.56,364.8833333333333
182.58,364.8833333333333
182.63,364.85
182.66,364.81666666666666
182.68,364.78333333333336
182.7,364.75
182.73,364.71666666666664
182.75,364.68333333333334
182.77,364.6666666666667
182.8,364.65
182.82,364.6333333333333
182.84,364.6166666666667
182.87,364.6
182.89,364.5833333333333
182.91,364.56666666666666
182.94,364.55
182.96,364.55
182.98,364.55
183.01,364.55
183.03,364.56666666666666
183.05,364.5833333333333
183.08,364.6
183.1,364.6166666666667
183.13,364.6333333333333
183.15,364.65
183.17,364.6666666666667
183.2,364.68333333333334
183.25,364.71666666666664
183.27,364.73333333333335
183.29,364.75
183.32,364.78333333333336
183.34,364.8
183.37,364.81666666666666
183.39,364.81666666666666
183.41,364.81666666666666
183.43,364.8333333333333
183.46,364.85
183.49,364.85
183.51,364.85
183.53,364.85
183.56,364.85
183.58,364.85
183.6,364.85
183.63,364.8666666666667
183.65,364.8666666666667
183.67,364.8666666666667
183.7,364.8666666666667
183.72,364.8666666666667
183.74,364.8666666666667
183.77,364.8833333333333
183.79,364.9
183.81,364.93333333333334
183.87,364.93333333333334
183.89,364.95
183.91,364.96666666666664
183.94,364.98333333333335
183.96,365.01666666666665
183.98,365.05
184.01,365.1
184.03,365.15
184.05,365.21666666666664
184.08,365.26666666666665
184.1,365.35
184.12,365.4166666666667
184.15,365.48333333333335
184.17,365.56666666666666
184.19,365.6333333333333
184.22,365.7
184.24,365.75
184.26,365.8
184.29,365.85
184.31,365.8833333333333
184.33,365.9166666666667
184.36,365.93333333333334
184.38,365.95
184.4,365.96666666666664
184.43,365.98333333333335
184.49,366.0
184.51,366.01666666666665
184.54,366.03333333333336
184.56,366.03333333333336
184.58,366.03333333333336
184.61,366.05
184.63,366.06666666666666
184.66,366.0833333333333
184.68,366.1
184.71,366.1166666666667
184.73,366.1166666666667
184.75,366.1333333333333
184.77,366.15
184.8,366.15
184.82,366.1666666666667
184.85,366.18333333333334
184.87,366.2
184.89,366.21666666666664
184.91,366.23333333333335
184.94,366.26666666666665
184.96,366.28333333333336
184.99,366.31666666666666
185.01,366.3333333333333
185.03,366.3666666666667
185.08,366.4
185.11,366.43333333333334
185.13,366.45
185.15,366.48333333333335
185.18,366.5
185.2,366.53333333333336
185.23,366.55
185.25,366.5833333333333
185.27,366.6
185.29,366.6333333333333
185.32,366.6333333333333
185.34,366.6666666666667
185.37,366.7
185.39,366.73333333333335
185.41,366.76666666666665
185.44,366.8
185.46,366.8333333333333
185.48,366.8666666666667
185.51,366.9
185.53,366.93333333333334
185.55,366.98333333333335
185.58,367.01666666666665
185.6,367.06666666666666
185.63,367.1166666666667
185.65,367.1666666666667
185.7,367.25
185.72,367.3333333333333
185.75,367.4166666666667
185.77,367.5
185.8,367.5833333333333
185.82,367.68333333333334
185.84,367.78333333333336
185.87,367.8833333333333
185.89,367.98333333333335
185.91,368.06666666666666
185.94,368.1333333333333
185.96,368.2
185.98,368.25
186.01,368.3
186.03,368.35
186.05,368.3833333333333
186.08,368.4
186.1,368.4
186.13,368.4
186.15,368.3833333333333
186.17,368.3666666666667
186.19,368.35
186.22,368.31666666666666
186.24,368.28333333333336
186.26,368.25
186.32,368.23333333333335
186.34,368.23333333333335
186.36,368.23333333333335
186.39,368.25
186.41,368.26666666666665
186.43,368.26666666666665
186.46,368.28333333333336
186.48,368.28333333333336
186.5,368.31666666666666
186.53,368.35
186.55,368.3833333333333
186.57,368.4166666666667
186.6,368.46666666666664
186.62,368.53333333333336
186.64,368.6166666666667
186.67,368.7
186.69,368.8
186.71,368.9
186.74,369.01666666666665
186.76,369.1333333333333
186.79,369.25
186.81,369.3833333333333
186.83,369.51666666666665
186.85,369.6666666666667
186.88,369.8333333333333
186.93,370.0
186.96,370.18333333333334
186.98,370.3666666666667
187.0,370.56666666666666
187.03,370.76666666666665
187.05,370.98333333333335
187.07,371.21666666666664
187.1,371.46666666666664
187.12,371.73333333333335
187.14,372.01666666666665
187.17,372.3
187.19,372.5833333333333
187.21,372.8833333333333
187.24,373.2
187.26,373.53333333333336
187.29,373.85
187.31,374.18333333333334
187.33,374.53333333333336
187.36,374.8833333333333
187.38,375.25
187.4,375.6166666666667
187.43,375.98333333333335
187.45,376.35
187.47,376.71666666666664
187.52,377.0833333333333
187.55,377.46666666666664
187.57,377.85
187.6,378.23333333333335
187.62,378.6
187.64,378.96666666666664
187.67,379.3333333333333
187.69,379.68333333333334
187.71,380.03333333333336
187.74,380.3666666666667
187.76,380.7
187.78,380.98333333333335
187.81,381.25
187.83,381.51666666666665
187.85,381.75
187.88,381.96666666666664
187.9,382.18333333333334
187.92,382.4
187.95,382.6166666666667
187.97,382.81666666666666
187.99,383.01666666666665
188.02,383.21666666666664
188.04,383.4166666666667
188.07,383.6166666666667
188.09,383.8
188.14,383.98333333333335
188.17,384.1666666666667
188.19,384.35
188.21,384.53333333333336
188.24,384.71666666666664
188.26,384.9166666666667
188.28,385.1333333333333
188.31,385.35
188.33,385.56666666666666
188.35,385.78333333333336
188.38,386.0
188.4,386.21666666666664
188.43,386.43333333333334
188.45,386.65
188.47,386.8833333333333
188.49,387.1166666666667
188.52,387.3333333333333
188.54,387.55
188.57,387.75
188.59,387.93333333333334
188.61,388.1
188.64,388.25
188.66,388.4
188.68,388.53333333333336
188.71,388.65
188.76,388.75
188.78,388.85
188.8,388.93333333333334
188.83,389.01666666666665
188.85,389.1
188.88,389.1666666666667
188.9,389.23333333333335
188.92,389.28333333333336
188.95,389.3333333333333
188.97,389.3833333333333
188.99,389.43333333333334
189.02,389.46666666666664
189.04,389.5
189.06,389.53333333333336
189.09,389.56666666666666
189.11,389.6
189.13,389.6333333333333
189.16,389.6666666666667
189.18,389.7
189.21,389.73333333333335
189.23,389.76666666666665
189.25,389.81666666666666
189.28,389.8666666666667
189.3,389.9166666666667
189.35,389.98333333333335
189.38,390.03333333333336
189.4,390.0833333333333
189.42,390.1333333333333
189.45,390.18333333333334
189.47,390.23333333333335
189.49,390.28333333333336
189.51,390.31666666666666
189.54,390.35
189.56,390.3833333333333
189.59,390.4166666666667
189.61,390.45
189.63,390.46666666666664
189.66,390.48333333333335
189.68,390.5
189.7,390.51666666666665
189.73,390.51666666666665
189.75,390.51666666666665
189.77,390.51666666666665
189.8,390.51666666666665
189.82,390.51666666666665
189.84,390.53333333333336
189.87,390.55
189.89,390.56666666666666
189.91,390.5833333333333
189.97,390.6
189.99,390.6166666666667
190.01,390.6333333333333
190.04,390.65
190.06,390.6666666666667
190.08,390.68333333333334
190.11,390.71666666666664
190.13,390.75
190.15,390.78333333333336
190.18,390.81666666666666
190.2,390.85
190.23,390.8833333333333
190.25,390.9166666666667
190.27,390.95
190.29,390.96666666666664
190.32,390.98333333333335
190.34,391.0
190.37,391.01666666666665
190.39,391.03333333333336
190.41,391.05
190.44,391.05
190.46,391.05
190.49,391.05
190.51,391.05
190.53,391.05
190.58,391.05
190.61,391.05
190.63,391.05
190.65,391.03333333333336
190.68,391.01666666666665
190.7,391.0
190.72,390.98333333333335
190.75,390.96666666666664
190.77,390.95
190.79,390.93333333333334
190.82,390.9166666666667
190.84,390.9166666666667
190.87,390.9166666666667
190.89,390.9166666666667
190.91,390.9166666666667
190.94,390.9166666666667
190.96,390.9166666666667
190.98,390.93333333333334
191.01,390.95
191.03,390.96666666666664
191.05,390.98333333333335
191.08,391.0
191.1,391.03333333333336
191.12,391.06666666666666
191.15,391.1
191.2,391.1333333333333
191.22,391.1666666666667
191.24,391.2
191.27,391.21666666666664
191.29,391.25
191.31,391.28333333333336
191.34,391.3
191.36,391.31666666666666
191.38,391.3333333333333
191.41,391.35
191.43,391.35
191.46,391.35
191.48,391.35
191.5,391.35
191.52,391.35
191.55,391.35
191.57,391.3333333333333
191.59,391.31666666666666
191.62,391.31666666666666
191.64,391.31666666666666
191.66,391.31666666666666
191.69,391.31666666666666
191.71,391.31666666666666
191.73,391.31666666666666
191.76,391.31666666666666
191.81,391.3333333333333
191.83,391.35
191.85,391.3666666666667
191.88,391.3833333333333
191.9,391.4
191.93,391.4166666666667
191.95,391.43333333333334
191.97,391.45
192.0,391.45
192.02,391.45
192.04,391.45
192.07,391.45
192.09,391.45
192.11,391.46666666666664
192.14,391.48333333333335
192.16,391.5
192.18,391.51666666666665
192.21,391.51666666666665
192.23,391.51666666666665
192.25,391.51666666666665
192.28,391.51666666666665
192.3,391.51666666666665
192.32,391.51666666666665
192.35,391.51666666666665
192.37,391.51666666666665
192.42,391.5
192.45,391.5
192.47,391.5
192.49,391.5
192.52,391.5
192.54,391.5
192.56,391.5
192.59,391.5
192.61,391.5
192.63,391.5
192.66,391.5
192.68,391.5
192.71,391.5
192.73,391.51666666666665
192.75,391.51666666666665
192.78,391.51666666666665
192.8,391.51666666666665
192.82,391.51666666666665
192.85,391.53333333333336
192.87,391.55
192.89,391.56666666666666
192.92,391.5833333333333
192.94,391.6
192.96,391.6166666666667
193.02,391.6333333333333
193.04,391.65
193.06,391.6666666666667
193.09,391.68333333333334
193.11,391.68333333333334
193.13,391.68333333333334
193.16,391.68333333333334
193.18,391.68333333333334
193.2,391.68333333333334
193.23,391.68333333333334
193.25,391.68333333333334
193.27,391.6666666666667
193.3,391.65
193.32,391.6333333333333
193.34,391.6166666666667
193.37,391.6
193.39,391.5833333333333
193.41,391.56666666666666
193.44,391.55
193.46,391.55
193.48,391.55
193.51,391.55
193.53,391.55
193.55,391.55
193.58,391.55
193.63,391.55
193.65,391.55
193.68,391.55
193.7,391.56666666666666
193.72,391.56666666666666
193.75,391.56666666666666
193.77,391.56666666666666
193.79,391.56666666666666
193.82,391.56666666666666
193.84,391.56666666666666
193.87,391.56666666666666
193.89,391.5833333333333
193.91,391.5833333333333
193.94,391.5833333333333
193.96,391.5833333333333
193.98,391.5833333333333
194.01,391.5833333333333
194.03,391.5833333333333
194.05,391.5833333333333
194.08,391.5833333333333
194.1,391.5833333333333
194.12,391.5833333333333
194.15,391.5833333333333
194.17,391.5833333333333
194.19,391.5833333333333
194.24,391.5833333333333
194.27,391.5833333333333
194.29,391.5833333333333
194.32,391.5833333333333
194.34,391.5833333333333
194.36,391.5833333333333
194.38,391.5833333333333
194.41,391.5833333333333
194.43,391.5833333333333
194.46,391.5833333333333
194.48,391.5833333333333
194.5,391.5833333333333
194.53,391.5833333333333
194.55,391.5833333333333
194.57,391.5833333333333
194.6,391.5833333333333
194.62,391.6
194.64,391.6166666666667
194.67,391.6333333333333
194.69,391.65
194.71,391.65
194.74,391.65
194.76,391.6666666666667
194.79,391.68333333333334
194.81,391.7
194.86,391.7
194.88,391.7
194.91,391.7
194.93,391.7
194.96,391.7
194.98,391.7
195.0,391.7
195.03,391.7
195.05,391.7
195.07,391.7
195.1,391.7
195.12,391.68333333333334
195.14,391.68333333333334
195.17,391.6666666666667
195.19,391.6666666666667
195.21,391.6666666666667
195.24,391.6666666666667
195.26,391.6666666666667
195.28,391.6666666666667
195.31,391.6666666666667
195.33,391.6666666666667
195.35,391.6666666666667
195.38,391.6666666666667
195.4,391.6666666666667
195.45,391.6666666666667
195.48,391.6666666666667
195.5,391.6666666666667
195.52,391.6666666666667
195.55,391.6666666666667
195.57,391.68333333333334
195.59,391.7
195.62,391.71666666666664
195.64,391.73333333333335
195.66,391.75
195.69,391.76666666666665
195.71,391.78333333333336
195.73,391.8
195.76,391.81666666666666
195.78,391.8333333333333
195.8,391.8333333333333
195.83,391.8333333333333
195.85,391.8333333333333
195.88,391.8333333333333
195.9,391.8333333333333
195.92,391.8333333333333
195.95,391.8333333333333
195.97,391.8333333333333
195.99,391.8333333333333
196.02,391.8333333333333
196.07,391.8333333333333
196.09,391.8333333333333
196.12,391.81666666666666
196.14,391.8
196.16,391.78333333333336
196.19,391.76666666666665
196.21,391.76666666666665
196.23,391.76666666666665
196.26,391.75
196.28,391.73333333333335
196.3,391.71666666666664
196.33,391.71666666666664
196.35,391.71666666666664
196.38,391.71666666666664
196.4,391.71666666666664
196.42,391.71666666666664
196.45,391.71666666666664
196.47,391.71666666666664
196.49,391.71666666666664
196.51,391.71666666666664
196.54,391.71666666666664
196.56,391.71666666666664
196.59,391.73333333333335
196.61,391.73333333333335
196.63,391.75
196.68,391.76666666666665
196.71,391.78333333333336
196.73,391.8
196.75,391.81666666666666
196.78,391.81666666666666
196.8,391.81666666666666
196.82,391.81666666666666
196.85,391.81666666666666
196.87,391.81666666666666
196.89,391.81666666666666
196.92,391.81666666666666
196.94,391.81666666666666
196.96,391.81666666666666
196.99,391.81666666666666
197.01,391.8333333333333
197.04,391.8333333333333
197.06,391.8333333333333
197.08,391.8333333333333
197.1,391.8333333333333
197.13,391.8333333333333
197.15,391.8333333333333
197.18,391.8333333333333
197.2,391.8333333333333
197.23,391.8333333333333
197.28,391.8333333333333
197.3,391.85
197.32,391.85
197.35,391.8666666666667
197.37,391.8833333333333
197.39,391.9
197.42,391.9166666666667
197.44,391.93333333333334
197.46,391.95
197.49,391.96666666666664
197.51,391.98333333333335
197.53,392.0
197.56,392.01666666666665
197.58,392.03333333333336
197.6,392.05
197.63,392.06666666666666
197.65,392.06666666666666
197.68,392.06666666666666
197.7,392.06666666666666
197.72,392.06666666666666
197.74,392.06666666666666
197.77,392.06666666666666
197.79,392.06666666666666
197.82,392.06666666666666
197.84,392.06666666666666
197.89,392.06666666666666
197.91,392.06666666666666
197.94,392.06666666666666
197.96,392.06666666666666
197.98,392.06666666666666
198.01,392.06666666666666
198.03,392.06666666666666
198.05,392.06666666666666
198.08,392.06666666666666
198.1,392.06666666666666
198.13,392.06666666666666
198.15,392.06666666666666
198.17,392.06666666666666
198.2,392.06666666666666
198.22,392.06666666666666
198.24,392.0833333333333
198.26,392.1
198.29,392.1166666666667
198.31,392.1333333333333
198.34,392.15
198.36,392.1666666666667
198.39,392.18333333333334
198.41,392.2
198.43,392.21666666666664
198.46,392.23333333333335
198.51,392.23333333333335
198.53,392.23333333333335
198.55,392.23333333333335
198.58,392.23333333333335
198.6,392.23333333333335
198.63,392.23333333333335
198.65,392.23333333333335
198.67,392.23333333333335
198.7,392.23333333333335
198.72,392.23333333333335
198.74,392.23333333333335
198.77,392.21666666666664
198.79,392.21666666666664
198.81,392.2
198.84,392.18333333333334
198.86,392.1666666666667
198.88,392.15
198.91,392.1333333333333
198.93,392.1333333333333
198.95,392.1333333333333
198.98,392.1333333333333
199.0,392.1333333333333
199.02,392.1333333333333
199.05,392.1333333333333
199.07,392.1333333333333
199.12,392.1333333333333
199.15,392.15
199.17,392.1666666666667
199.19,392.1666666666667
199.22,392.18333333333334
199.24,392.18333333333334
199.26,392.18333333333334
199.29,392.18333333333334
199.31,392.18333333333334
199.33,392.18333333333334
199.36,392.18333333333334
199.38,392.18333333333334
199.4,392.18333333333334
199.43,392.18333333333334
199.45,392.18333333333334
199.47,392.18333333333334
199.5,392.18333333333334
199.52,392.18333333333334
199.55,392.18333333333334
199.57,392.18333333333334
199.59,392.18333333333334
199.62,392.18333333333334
199.64,392.18333333333334
199.66,392.18333333333334
199.71,392.18333333333334
199.74,392.18333333333334
199.76,392.18333333333334
199.79,392.18333333333334
199.81,392.18333333333334
199.83,392.18333333333334
199.86,392.18333333333334
199.88,392.18333333333334
199.9,392.18333333333334
199.93,392.18333333333334
199.95,392.18333333333334
199.97,392.18333333333334
200.0,392.18333333333334
200.02,392.18333333333334
200.04,392.18333333333334
200.07,392.18333333333334
200.09,392.2
200.11,392.21666666666664
200.14,392.23333333333335
200.16,392.25
200.18,392.26666666666665
200.21,392.28333333333336
200.23,392.3
200.26,392.31666666666666
200.28,392.3333333333333
200.33,392.35
200.35,392.3666666666667
200.38,392.3833333333333
200.4,392.3833333333333
200.42,392.3666666666667
200.45,392.35
200.47,392.35
200.49,392.3333333333333
200.52,392.31666666666666
200.54,392.3
200.56,392.28333333333336
200.59,392.26666666666665
200.61,392.25
200.63,392.23333333333335
200.66,392.23333333333335
200.68,392.21666666666664
200.71,392.21666666666664
200.73,392.21666666666664
200.75,392.21666666666664
200.78,392.21666666666664
200.8,392.21666666666664
200.82,392.21666666666664
200.85,392.21666666666664
200.87,392.21666666666664
200.89,392.21666666666664
200.95,392.21666666666664
200.97,392.21666666666664
200.99,392.21666666666664
201.01,392.21666666666664
201.04,392.21666666666664
201.06,392.21666666666664
201.09,392.21666666666664
201.11,392.21666666666664
201.13,392.21666666666664
201.16,392.21666666666664
201.18,392.21666666666664
201.2,392.21666666666664
201.23,392.21666666666664
201.25,392.21666666666664
201.27,392.21666666666664
201.3,392.21666666666664
201.32,392.21666666666664
201.34,392.21666666666664
201.37,392.21666666666664
201.39,392.21666666666664
201.41,392.21666666666664
201.44,392.21666666666664
201.46,392.21666666666664
201.48,392.21666666666664
201.51,392.21666666666664
201.56,392.23333333333335
201.58,392.23333333333335
201.61,392.23333333333335
201.63,392.23333333333335
201.65,392.23333333333335
201.68,392.23333333333335
201.7,392.23333333333335
201.72,392.23333333333335
201.75,392.23333333333335
201.77,392.23333333333335
201.79,392.23333333333335
201.82,392.23333333333335
201.84,392.23333333333335
201.87,392.25
201.89,392.26666666666665
201.91,392.28333333333336
201.93,392.28333333333336
201.96,392.3
201.98,392.31666666666666
202.01,392.3333333333333
202.03,392.3333333333333
202.05,392.3333333333333
202.08,392.3333333333333
202.1,392.3333333333333
202.15,392.3333333333333
202.18,392.3333333333333
202.2,392.3333333333333
202.22,392.3333333333333
202.24,392.3333333333333
202.27,392.3333333333333
202.29,392.3333333333333
202.31,392.3333333333333
202.34,392.3333333333333
202.36,392.3333333333333
202.38,392.3333333333333
202.41,392.3333333333333
202.43,392.3333333333333
202.46,392.3333333333333
202.48,392.3333333333333
202.5,392.3333333333333
202.52,392.3333333333333
202.55,392.3333333333333
202.57,392.3333333333333
202.6,392.3333333333333
202.62,392.3333333333333
202.64,392.3333333333333
202.66,392.3333333333333
202.69,392.3333333333333
202.71,392.3333333333333
202.76,392.3333333333333
202.79,392.3333333333333
202.81,392.35
202.83,392.35
202.86,392.3666666666667
202.88,392.3666666666667
202.9,392.3833333333333
202.93,392.4
202.95,392.4166666666667
202.98,392.43333333333334
203.0,392.45
203.02,392.45
203.05,392.45
203.07,392.45
203.1,392.45
203.12,392.45
203.14,392.45
203.16,392.45
203.19,392.45
203.21,392.45
203.24,392.45
203.26,392.45
203.28,392.45
203.3,392.45
203.33,392.45
203.38,392.45
203.4,392.45
203.43,392.45
203.45,392.45
203.47,392.43333333333334
203.5,392.4166666666667
203.52,392.4166666666667
203.54,392.4166666666667
203.57,392.4166666666667
203.59,392.4166666666667
203.61,392.4166666666667
203.64,392.4166666666667
203.66,392.4166666666667
203.68,392.4166666666667
203.71,392.4166666666667
203.73,392.4166666666667
203.75,392.4166666666667
203.78,392.4166666666667
203.8,392.4166666666667
203.82,392.4166666666667
203.85,392.4166666666667
203.87,392.4166666666667
203.89,392.4166666666667
203.92,392.4166666666667
203.94,392.4166666666667
203.99,392.4166666666667
204.02,392.4166666666667
204.04,392.4166666666667
204.06,392.4166666666667
204.09,392.4166666666667
204.11,392.4166666666667
204.13,392.4166666666667
204.15,392.4166666666667
204.18,392.4166666666667
204.2,392.4166666666667
204.23,392.4166666666667
204.25,392.4166666666667
204.27,392.4
204.3,392.4
204.32,392.3833333333333
204.34,392.4
204.37,392.4
204.39,392.4
204.41,392.4
204.44,392.4
204.46,392.4
204.48,392.4
204.51,392.4
204.53,392.4
204.55,392.4
204.6,392.4
204.63,392.4
204.65,392.4
204.68,392.4
204.7,392.4
204.72,392.4
204.74,392.4
204.77,392.4
204.79,392.4
204.82,392.4
204.84,392.4
204.86,392.4
204.89,392.4
204.91,392.3833333333333
204.93,392.3833333333333
204.96,392.3833333333333
204.98,392.3833333333333
205.0,392.3833333333333
205.03,392.3833333333333
205.05,392.3833333333333
205.07,392.3833333333333
205.1,392.3833333333333
205.12,392.3833333333333
205.14,392.3833333333333
205.17,392.3833333333333
205.22,392.3833333333333
205.24,392.3833333333333
205.27,392.3833333333333
205.29,392.3833333333333
205.32,392.3833333333333
205.34,392.3833333333333
205.36,392.3833333333333
205.38,392.3833333333333
205.41,392.3833333333333
205.43,392.3833333333333
205.46,392.3833333333333
205.48,392.3833333333333
205.5,392.3833333333333
205.52,392.3833333333333
205.55,392.3833333333333
205.57,392.3833333333333
205.6,392.3833333333333
205.62,392.3833333333333
205.64,392.3833333333333
205.66,392.4
205.69,392.4166666666667
205.71,392.43333333333334
205.74,392.45
205.76,392.46666666666664
205.81,392.48333333333335
205.83,392.48333333333335
205.86,392.48333333333335
205.88,392.48333333333335
205.9,392.48333333333335
205.93,392.48333333333335
205.95,392.48333333333335
205.97,392.48333333333335
206.0,392.48333333333335
206.02,392.48333333333335
206.04,392.48333333333335
206.07,392.48333333333335
206.09,392.48333333333335
206.11,392.48333333333335
206.14,392.48333333333335
206.16,392.48333333333335
206.18,392.48333333333335
206.21,392.48333333333335
206.23,392.48333333333335
206.26,392.48333333333335
206.28,392.48333333333335
206.3,392.48333333333335
206.32,392.48333333333335
206.35,392.48333333333335
206.37,392.5
206.43,392.5
206.45,392.51666666666665
206.47,392.51666666666665
206.5,392.51666666666665
206.52,392.51666666666665
206.54,392.51666666666665
206.57,392.51666666666665
206.59,392.51666666666665
206.61,392.51666666666665
206.64,392.51666666666665
206.66,392.51666666666665
206.68,392.51666666666665
206.71,392.51666666666665
206.73,392.51666666666665
206.75,392.51666666666665
206.78,392.51666666666665
206.8,392.51666666666665
206.82,392.51666666666665
206.85,392.51666666666665
206.87,392.51666666666665
206.9,392.51666666666665
206.92,392.51666666666665
206.94,392.51666666666665
206.96,392.51666666666665
206.99,392.51666666666665
207.04,392.51666666666665
207.06,392.53333333333336
207.09,392.55
207.11,392.56666666666666
207.13,392.5833333333333
207.16,392.5833333333333
207.18,392.5833333333333
207.2,392.5833333333333
207.23,392.5833333333333
207.25,392.5833333333333
207.27,392.5833333333333
207.3,392.5833333333333
207.32,392.5833333333333
207.34,392.5833333333333
207.37,392.5833333333333
207.39,392.5833333333333
207.41,392.5833333333333
207.44,392.5833333333333
207.46,392.5833333333333
207.48,392.5833333333333
207.51,392.5833333333333
207.53,392.5833333333333
207.56,392.5833333333333
207.58,392.5833333333333
207.63,392.5833333333333
207.65,392.5833333333333
207.68,392.5833333333333
207.7,392.5833333333333
207.72,392.5833333333333
207.75,392.5833333333333
207.77,392.5833333333333
207.79,392.5833333333333
207.82,392.56666666666666
207.84,392.56666666666666
207.86,392.56666666666666
207.89,392.56666666666666
207.91,392.55
207.93,392.55
207.96,392.55
207.98,392.55
208.01,392.55
208.03,392.55
208.05,392.55
208.07,392.55
208.1,392.55
208.12,392.55
208.15,392.55
208.17,392.55
208.19,392.55
208.24,392.55
208.27,392.56666666666666
208.29,392.5833333333333
208.31,392.6
208.34,392.6
208.36,392.6166666666667
208.38,392.6333333333333
208.41,392.6333333333333
208.43,392.65
208.45,392.65
208.48,392.65
208.5,392.6666666666667
208.52,392.6666666666667
208.55,392.6666666666667
208.57,392.6666666666667
208.6,392.6666666666667
208.62,392.6666666666667
208.64,392.6666666666667
208.66,392.6666666666667
208.69,392.6666666666667
208.71,392.6666666666667
208.74,392.6666666666667
208.76,392.6666666666667
208.79,392.6666666666667
208.81,392.6666666666667
208.86,392.6666666666667
208.88,392.6666666666667
208.91,392.6666666666667
208.93,392.6666666666667
208.95,392.6666666666667
208.98,392.6666666666667
209.0,392.6666666666667
209.02,392.6666666666667
209.05,392.6666666666667
209.07,392.6666666666667
209.09,392.6666666666667
209.12,392.6666666666667
209.14,392.6666666666667
209.16,392.6666666666667
209.19,392.6666666666667
209.21,392.6666666666667
209.23,392.6666666666667
209.26,392.6666666666667
209.28,392.68333333333334
209.3,392.68333333333334
209.33,392.68333333333334
209.35,392.7
209.37,392.7
209.4,392.7
209.42,392.71666666666664
209.47,392.71666666666664
209.5,392.71666666666664
209.52,392.71666666666664
209.54,392.71666666666664
209.57,392.71666666666664
209.59,392.73333333333335
209.61,392.73333333333335
209.64,392.75
209.66,392.76666666666665
209.68,392.78333333333336
209.71,392.78333333333336
209.73,392.78333333333336
209.75,392.78333333333336
209.78,392.78333333333336
209.8,392.8
209.83,392.8
209.85,392.8
209.87,392.81666666666666
209.9,392.81666666666666
209.92,392.8333333333333
209.94,392.85
209.97,392.85
209.99,392.85
210.01,392.85
210.07,392.85
210.09,392.85
210.11,392.85
210.14,392.85
210.16,392.85
210.18,392.85
210.21,392.85
210.23,392.85
210.25,392.85
210.28,392.85
210.3,392.85
210.32,392.85
210.35,392.85
210.37,392.85
210.39,392.85
210.42,392.85
210.44,392.85
210.46,392.85
210.49,392.85
210.51,392.85
210.53,392.85
210.56,392.85
210.58,392.85
210.6,392.85
210.63,392.85
210.68,392.85
210.7,392.85
210.73,392.8333333333333
210.75,392.81666666666666
210.77,392.8
210.79,392.78333333333336
210.82,392.76666666666665
210.84,392.75
210.87,392.73333333333335
210.89,392.73333333333335
210.91,392.71666666666664
210.93,392.7
210.96,392.68333333333334
210.98,392.6666666666667
211.01,392.65
211.03,392.6166666666667
211.05,392.56666666666666
211.08,392.53333333333336
211.1,392.46666666666664
211.13,392.4
211.15,392.3333333333333
211.17,392.26666666666665
211.19,392.18333333333334
211.22,392.0833333333333
211.24,391.98333333333335
211.29,391.85
211.32,391.71666666666664
211.34,391.56666666666666
211.36,391.4166666666667
211.39,391.25
211.41,391.06666666666666
211.43,390.8666666666667
211.46,390.65
211.48,390.4166666666667
211.5,390.1666666666667
211.53,389.9
211.55,389.6166666666667
211.57,389.31666666666666
211.6,389.0
211.62,388.6666666666667
211.64,388.31666666666666
211.67,387.95
211.69,387.56666666666666
211.71,387.1666666666667
211.74,386.75
211.76,386.3
211.78,385.8333333333333
211.81,385.35
211.83,384.85
211.85,384.3333333333333
211.9,383.78333333333336
211.93,383.21666666666664
211.95,382.6333333333333
211.98,382.03333333333336
212.0,381.43333333333334
212.02,380.81666666666666
212.04,380.2
212.07,379.56666666666666
212.09,378.93333333333334
212.12,378.3
212.14,377.68333333333334
212.16,377.06666666666666
212.19,376.48333333333335
212.21,375.9
212.24,375.3333333333333
212.26,374.78333333333336
212.28,374.25
212.3,373.73333333333335
212.33,373.26666666666665
212.35,372.8
212.38,372.35
212.4,371.95
212.42,371.56666666666666
212.45,371.2
212.5,370.8833333333333
212.52,370.6
212.54,370.31666666666666
212.57,370.05
212.59,369.8
212.61,369.56666666666666
212.64,369.3333333333333
212.66,369.1333333333333
212.68,368.93333333333334
212.71,368.75
212.73,368.5833333333333
212.75,368.45
212.78,368.31666666666666
212.8,368.2
212.82,368.0833333333333
212.85,367.98333333333335
212.87,367.9
212.89,367.81666666666666
212.92,367.75
212.94,367.68333333333334
212.96,367.6166666666667
212.99,367.55
213.01,367.5
213.04,367.45
213.06,367.4
213.11,367.3333333333333
213.13,367.28333333333336
213.16,367.23333333333335
213.18,367.2
213.2,367.1666666666667
213.23,367.1333333333333
213.25,367.1166666666667
213.28,367.1
213.3,367.0833333333333
213.32,367.06666666666666
213.35,367.05
213.37,367.05
213.39,367.06666666666666
213.42,367.1
213.44,367.1333333333333
213.46,367.1666666666667
213.49,367.2
213.51,367.23333333333335
213.53,367.26666666666665
213.56,367.28333333333336
213.58,367.3
213.6,367.28333333333336
213.63,367.26666666666665
213.65,367.23333333333335
213.67,367.2
213.74,367.1666666666667
213.76,367.1333333333333
213.78,367.1
213.81,367.06666666666666
213.83,367.01666666666665
213.85,366.96666666666664
213.88,366.9166666666667
213.9,366.85
213.92,366.78333333333336
213.95,366.73333333333335
213.97,366.65
213.99,366.5833333333333
214.02,366.53333333333336
214.04,366.48333333333335
214.06,366.46666666666664
214.09,366.45
214.11,366.45
214.13,366.45
214.16,366.45
214.18,366.45
214.2,366.43333333333334
214.23,366.4166666666667
214.25,366.4
214.27,366.3833333333333
214.29,366.3833333333333
214.35,366.3833333333333
214.37,366.3833333333333
214.39,366.3833333333333
214.42,366.3833333333333
214.44,366.4
214.47,366.4166666666667
214.49,366.45
214.51,366.46666666666664
214.54,366.48333333333335
214.56,366.5
214.58,366.51666666666665
214.61,366.51666666666665
214.63,366.51666666666665
214.65,366.48333333333335
214.68,366.43333333333334
214.7,366.3833333333333
214.72,366.31666666666666
214.75,366.25
214.77,366.1666666666667
214.79,366.0833333333333
214.82,366.0
214.84,365.9166666666667
214.86,365.81666666666666
214.89,365.71666666666664
214.94,365.6166666666667
214.96,365.51666666666665
214.99,365.43333333333334
215.01,365.35
215.03,365.3
215.06,365.26666666666665
215.08,365.25
215.1,365.25
215.13,365.25
215.15,365.26666666666665
215.17,365.28333333333336
215.2,365.3
215.22,365.31666666666666
215.24,365.3333333333333
215.27,365.35
215.29,365.3666666666667
215.31,365.3666666666667
215.34,365.3666666666667
215.36,365.3666666666667
215.38,365.3666666666667
215.41,365.35
215.43,365.3333333333333
215.45,365.3
215.48,365.26666666666665
215.5,365.21666666666664
215.55,365.18333333333334
215.58,365.15
215.6,365.1166666666667
215.62,365.06666666666666
215.65,365.03333333333336
215.67,365.0
215.7,364.98333333333335
215.72,364.96666666666664
215.74,364.95
215.76,364.93333333333334
215.79,364.9166666666667
215.81,364.9
215.84,364.8833333333333
215.86,364.8666666666667
215.88,364.85
215.91,364.8333333333333
215.93,364.8333333333333
215.95,364.81666666666666
215.98,364.81666666666666
216.0,364.81666666666666
216.02,364.81666666666666
216.05,364.8333333333333
216.07,364.85
216.09,364.8666666666667
216.12,364.9
216.17,364.93333333333334
216.19,364.96666666666664
216.21,365.01666666666665
216.24,365.06666666666666
216.26,365.1166666666667
216.28,365.1666666666667
216.31,365.2
216.33,365.23333333333335
216.35,365.26666666666665
216.38,365.28333333333336
216.4,365.3
216.42,365.3
216.45,365.28333333333336
216.47,365.26666666666665
216.49,365.21666666666664
216.52,365.1666666666667
216.54,365.0833333333333
216.56,365.0
216.59,364.9166666666667
216.61,364.81666666666666
216.63,364.73333333333335
216.66,364.65
216.68,364.56666666666666
216.7,364.48333333333335
216.73,364.4166666666667
216.78,364.4
216.8,364.4
216.82,364.4166666666667
216.85,364.43333333333334
216.87,364.46666666666664
216.89,364.5
216.92,364.53333333333336
216.94,364.56666666666666
216.96,364.6
216.99,364.65
217.01,364.6666666666667
217.03,364.68333333333334
217.06,364.68333333333334
217.08,364.7
217.1,364.71666666666664
217.13,364.73333333333335
217.15,364.75
217.17,364.76666666666665
217.2,364.78333333333336
217.22,364.8
217.24,364.8
217.27,364.78333333333336
217.29,364.76666666666665
217.31,364.76666666666665
217.34,364.76666666666665
217.39,364.76666666666665
217.41,364.75
217.43,364.73333333333335
217.46,364.7
217.48,364.6666666666667
217.5,364.6333333333333
217.53,364.6
217.55,364.56666666666666
217.57,364.53333333333336
217.6,364.5
217.62,364.48333333333335
217.65,364.46666666666664
217.67,364.46666666666664
217.69,364.46666666666664
217.71,364.46666666666664
217.74,364.46666666666664
217.76,364.48333333333335
217.79,364.5
217.81,364.53333333333336
217.84,364.56666666666666
217.87,364.6
217.89,364.65
217.91,364.7
217.96,364.75
217.99,364.81666666666666
218.01,364.8833333333333
218.04,364.96666666666664
218.06,365.05
218.08,365.1333333333333
218.1,365.21666666666664
218.13,365.28333333333336
218.15,365.3333333333333
218.18,365.3833333333333
218.2,365.4166666666667
218.22,365.43333333333334
218.25,365.4
218.27,365.3666666666667
218.29,365.31666666666666
218.32,365.26666666666665
218.34,365.2
218.36,365.1333333333333
218.39,365.0833333333333
218.41,365.03333333333336
218.43,364.98333333333335
218.46,364.93333333333334
218.48,364.9
218.51,364.8666666666667
218.53,364.8666666666667
218.58,364.8833333333333
218.6,364.9
218.63,364.9166666666667
218.65,364.9166666666667
218.67,364.9166666666667
218.7,364.9166666666667
218.72,364.9166666666667
218.74,364.9166666666667
218.77,364.93333333333334
218.79,364.93333333333334
218.81,364.93333333333334
218.84,364.93333333333334
218.86,364.93333333333334
218.88,364.95
218.91,364.96666666666664
218.93,365.0
218.96,365.03333333333336
218.98,365.06666666666666
219.0,365.1
219.03,365.1166666666667
219.05,365.1166666666667
219.07,365.1166666666667
219.1,365.1
219.12,365.0833333333333
219.15,365.03333333333336
219.2,364.95
219.22,364.8833333333333
219.24,364.81666666666666
219.27,364.75
219.29,364.68333333333334
219.31,364.6166666666667
219.34,364.55
219.36,364.5
219.38,364.45
219.41,364.4166666666667
219.43,364.3833333333333
219.46,364.35
219.48,364.3333333333333
219.5,364.31666666666666
219.53,364.3
219.55,364.3
219.57,364.3
219.6,364.31666666666666
219.62,364.35
219.64,364.3833333333333
219.67,364.43333333333334
219.69,364.48333333333335
219.71,364.53333333333336
219.74,364.5833333333333
219.76,364.6333333333333
219.81,364.7
219.84,364.76666666666665
219.86,364.8333333333333
219.88,364.8666666666667
219.91,364.9
219.93,364.93333333333334
219.95,364.96666666666664
219.98,364.98333333333335
220.0,365.0
220.02,365.0
220.05,364.96666666666664
220.07,364.93333333333334
220.09,364.9
220.12,364.8666666666667
220.14,364.85
220.17,364.8333333333333
220.19,364.81666666666666
220.21,364.8
220.24,364.78333333333336
220.26,364.78333333333336
220.28,364.78333333333336
220.31,364.78333333333336
220.33,364.78333333333336
220.35,364.76666666666665
220.41,364.75
220.43,364.73333333333335
220.45,364.71666666666664
220.48,364.7
220.5,364.68333333333334
220.52,364.68333333333334
220.55,364.7
220.57,364.71666666666664
220.6,364.75
220.62,364.78333333333336
220.64,364.8333333333333
220.66,364.9
220.69,364.96666666666664
220.71,365.03333333333336
220.74,365.0833333333333
220.76,365.1333333333333
220.78,365.1666666666667
220.81,365.2
220.83,365.21666666666664
220.85,365.21666666666664
220.88,365.2
220.9,365.18333333333334
220.92,365.15
220.95,365.1
220.97,365.05
221.02,365.01666666666665
221.05,364.96666666666664
221.07,364.93333333333334
221.09,364.9
221.12,364.8666666666667
221.14,364.8333333333333
221.16,364.8
221.19,364.76666666666665
221.21,364.73333333333335
221.23,364.71666666666664
221.26,364.7
221.28,364.68333333333334
221.31,364.68333333333334
221.33,364.68333333333334
221.35,364.71666666666664
221.38,364.75
221.4,364.78333333333336
221.43,364.81666666666666
221.45,364.85
221.47,364.8666666666667
221.49,364.8833333333333
221.52,364.9
221.54,364.9166666666667
221.57,364.93333333333334
221.59,364.95
221.64,364.96666666666664
221.66,364.98333333333335
221.69,365.0
221.71,365.01666666666665
221.73,365.01666666666665
221.76,365.01666666666665
221.78,365.01666666666665
221.8,365.0
221.83,364.98333333333335
221.85,364.96666666666664
221.88,364.95
221.9,364.9166666666667
221.92,364.8833333333333
221.95,364.85
221.97,364.81666666666666
221.99,364.78333333333336
222.02,364.73333333333335
222.04,364.68333333333334
222.06,364.6333333333333
222.09,364.5833333333333
222.11,364.53333333333336
222.13,364.5
222.16,364.48333333333335
222.18,364.46666666666664
222.2,364.46666666666664
222.26,364.46666666666664
222.28,364.48333333333335
222.3,364.5
222.33,364.53333333333336
222.35,364.5833333333333
222.37,364.65
222.4,364.7
222.42,364.76666666666665
222.45,364.8333333333333
222.47,364.9
222.49,364.96666666666664
222.52,365.03333333333336
222.54,365.0833333333333
222.57,365.1166666666667
222.59,365.15
222.61,365.1666666666667
222.63,365.18333333333334
222.66,365.18333333333334
222.68,365.18333333333334
222.71,365.1666666666667
222.73,365.15
222.75,365.1166666666667
222.78,365.06666666666666
222.8,365.01666666666665
222.85,364.98333333333335
222.87,364.95
222.9,364.9166666666667
222.92,364.9
222.95,364.8833333333333
222.97,364.8833333333333
222.99,364.8833333333333
223.01,364.8833333333333
223.04,364.8833333333333
223.06,364.8833333333333
223.09,364.8833333333333
223.11,364.8833333333333
223.13,364.8833333333333
223.16,364.8833333333333
223.18,364.8833333333333
223.2,364.9
223.23,364.9
223.25,364.9
223.27,364.9166666666667
223.3,364.93333333333334
223.32,364.95
223.34,364.98333333333335
223.37,365.01666666666665
223.39,365.05
223.41,365.0833333333333
223.46,365.1
223.49,365.1
223.51,365.1166666666667
223.54,365.1166666666667
223.56,365.1166666666667
223.58,365.1
223.61,365.0833333333333
223.63,365.05
223.65,365.0
223.68,364.95
223.7,364.9
223.73,364.85
223.75,364.8
223.77,364.75
223.8,364.7
223.82,364.6333333333333
223.84,364.56666666666666
223.87,364.51666666666665
223.89,364.46666666666664
223.91,364.43333333333334
223.94,364.4
223.96,364.3666666666667
223.98,364.3333333333333
224.01,364.31666666666666
224.03,364.31666666666666
224.08,364.3333333333333
224.1,364.3666666666667
224.13,364.4
224.15,364.45
224.18,364.51666666666665
224.2,364.5833333333333
224.22,364.65
224.25,364.71666666666664
224.27,364.78333333333336
224.29,364.85
224.32,364.8833333333333
224.34,364.9166666666667
224.36,364.93333333333334
224.39,364.93333333333334
224.41,364.93333333333334
224.43,364.9166666666667
224.46,364.9
224.48,364.9
224.51,364.8833333333333
224.53,364.8833333333333
224.55,364.8833333333333
224.57,364.8666666666667
224.6,364.85
224.62,364.8333333333333
224.65,364.81666666666666
224.7,364.8
224.72,364.78333333333336
224.75,364.76666666666665
224.77,364.75
224.79,364.71666666666664
224.82,364.68333333333334
224.84,364.65
224.87,364.6166666666667
224.89,364.5833333333333
224.91,364.55
224.93,364.55
224.96,364.56666666666666
224.98,364.5833333333333
