1.0,
1.03,
1.05,
1.07,
1.1,
1.12,
1.14,
1.17,
1.19,
1.22,
1.24,
1.26,
1.31,
1.34,
1.36,
1.38,
1.41,
1.43,
1.45,
1.48,
1.5,
1.52,
1.55,
1.57,
1.59,
1.62,
1.64,
1.66,
1.68,
1.71,
1.73,
1.75,
1.78,
1.8,
1.82,
1.85,
1.87,
1.89,
1.95,
1.97,
1.99,
2.02,
2.04,
2.06,
2.08,
2.11,
2.13,
2.15,
2.18,
2.2,
2.22,
2.25,
2.27,
2.29,
2.32,
2.34,
2.36,
2.39,
2.41,
2.43,362.0
2.46,362.0
2.48,362.0
2.5,362.0
2.55,362.0
2.58,362.0
2.6,362.0
2.63,362.0
2.65,362.0
2.67,362.0
2.7,362.0
2.72,362.0
2.74,362.0
2.77,362.0
2.79,362.0
2.81,362.0
2.84,362.0
2.86,362.0
2.88,362.0
2.91,362.0
2.93,362.0
2.95,362.0
2.98,362.0
3.0,362.0
3.02,362.0
3.05,362.0
3.07,362.0
3.09,362.0
3.12,362.0
3.17,362.0
3.19,362.0
3.21,362.0
3.24,362.0
3.26,362.0
3.28,362.0
3.31,362.0
3.33,362.0
3.35,362.0
3.38,362.0
3.4,362.0
3.42,362.0
3.45,362.0
3.47,362.0
3.49,362.0
3.52,362.0
3.54,362.0
3.56,362.0
3.59,362.0
3.61,362.0
3.63,362.0
3.65,362.0
3.68,362.0
3.7,362.0
3.73,362.0
3.78,362.0
3.8,362.0
3.82,362.0
3.85,362.0
3.87,362.0
3.89,362.0
3.92,362.0
3.94,362.0
3.96,362.0
3.99,362.0
4.01,362.0
4.03,362.0
4.06,362.0
4.08,362.0
4.11,362.0
4.13,362.0
4.15,362.0
4.18,362.0
4.2,362.0
4.22,362.0
4.25,362.0
4.27,362.0
4.29,362.0
4.32,362.0
4.34,362.0
4.39,362.0
4.41,362.0
4.44,362.0
4.46,362.0
4.49,362.0
4.51,362.0
4.53,362.0
4.55,362.0
4.58,362.0
4.6,362.0
4.63,362.0
4.65,362.0
4.67,362.0
4.7,362.0
4.72,362.0
4.74,362.0
4.76,362.0
4.79,362.0
4.81,362.0
4.84,362.0
4.86,362.0
4.88,362.0
4.91,362.0
4.93,362.0
4.95,362.0
5.01,362.0
5.03,362.0
5.05,362.0
5.07,362.0
5.1,362.0
5.12,362.0
5.14,362.0
5.17,362.0
5.19,362.0
5.22,362.0
5.24,362.0
5.26,362.0
5.28,362.0
5.31,362.0
5.33,362.0
5.36,362.0
5.38,362.0
5.4,362.0
5.42,362.0
5.45,362.0
5.47,362.0
5.49,362.0
5.52,362.0
5.54,362.0
5.56,362.0
5.61,362.0
5.64,362.0
5.66,362.0
5.68,362.0
5.71,362.0
5.73,362.0
5.76,362.0
5.78,362.0
5.8,362.0
5.83,362.0
5.85,362.0
5.87,362.01666666666665
5.9,362.03333333333336
5.92,362.05
5.94,362.06666666666666
5.97,362.0833333333333
5.99,362.1
6.01,362.1166666666667
6.04,362.1333333333333
6.06,362.15
6.08,362.1666666666667
6.11,362.18333333333334
6.13,362.2
6.15,362.21666666666664
6.18,362.23333333333335
6.23,362.25
6.25,362.26666666666665
6.28,362.28333333333336
6.3,362.3
6.32,362.31666666666666
6.34,362.3333333333333
6.37,362.35
6.39,362.3666666666667
6.41,362.3666666666667
6.44,362.3833333333333
6.46,362.4
6.49,362.4166666666667
6.51,362.43333333333334
6.53,362.45
6.55,362.46666666666664
6.58,362.5
6.6,362.51666666666665
6.63,362.55
6.65,362.56666666666666
6.67,362.6
6.7,362.6333333333333
6.72,362.6666666666667
6.74,362.7
6.77,362.73333333333335
6.82,362.76666666666665
6.84,362.8
6.87,362.8333333333333
6.89,362.8666666666667
6.91,362.9
6.94,362.93333333333334
6.96,362.96666666666664
6.98,363.0
7.01,363.03333333333336
7.03,363.06666666666666
7.05,363.0833333333333
7.08,363.1
7.1,363.1166666666667
7.12,363.1333333333333
7.15,363.15
7.17,363.1666666666667
7.19,363.18333333333334
7.22,363.2
7.24,363.21666666666664
7.26,363.23333333333335
7.29,363.25
7.31,363.26666666666665
7.33,363.26666666666665
7.36,363.26666666666665
7.38,363.26666666666665
7.43,363.26666666666665
7.45,363.26666666666665
7.48,363.26666666666665
7.5,363.26666666666665
7.53,363.26666666666665
7.55,363.26666666666665
7.57,363.26666666666665
7.6,363.26666666666665
7.62,363.26666666666665
7.64,363.26666666666665
7.66,363.26666666666665
7.69,363.26666666666665
7.71,363.26666666666665
7.74,363.26666666666665
7.76,363.26666666666665
7.78,363.26666666666665
7.8,363.28333333333336
7.83,363.3
7.85,363.31666666666666
7.88,363.35
7.9,363.3666666666667
7.92,363.3833333333333
7.95,363.4
7.97,363.4166666666667
7.99,363.43333333333334
8.05,363.45
8.08,363.45
8.1,363.46666666666664
8.12,363.46666666666664
8.15,363.48333333333335
8.17,363.48333333333335
8.2,363.48333333333335
8.22,363.5
8.24,363.5
8.27,363.51666666666665
8.29,363.53333333333336
8.31,363.55
8.34,363.56666666666666
8.36,363.5833333333333
8.38,363.6
8.41,363.6166666666667
8.43,363.6166666666667
8.45,363.6166666666667
8.48,363.6333333333333
8.5,363.6333333333333
8.52,363.6666666666667
8.55,363.68333333333334
8.57,363.7
8.59,363.73333333333335
8.62,363.76666666666665
8.67,363.8
8.69,363.8333333333333
8.72,363.8666666666667
8.74,363.9
8.76,363.93333333333334
8.79,363.96666666666664
8.81,364.0
8.83,364.03333333333336
8.86,364.06666666666666
8.88,364.1
8.9,364.1333333333333
8.93,364.1666666666667
8.95,364.2
8.97,364.23333333333335
9.0,364.26666666666665
9.02,364.3
9.04,364.3333333333333
9.07,364.3666666666667
9.09,364.4
9.11,364.43333333333334
9.14,364.46666666666664
9.16,364.5
9.18,364.53333333333336
9.21,364.56666666666666
9.23,364.6
9.28,364.6333333333333
9.31,364.6333333333333
9.33,364.65
9.35,364.6666666666667
9.38,364.68333333333334
9.4,364.7
9.42,364.71666666666664
9.45,364.73333333333335
9.47,364.75
9.49,364.76666666666665
9.52,364.78333333333336
9.54,364.8
9.56,364.81666666666666
9.59,364.8333333333333
9.61,364.85
9.64,364.8666666666667
9.66,364.8833333333333
9.68,364.8833333333333
9.7,364.9
9.73,364.9
9.75,364.9
9.78,364.9
9.8,364.9
9.82,364.9
9.87,364.9
9.9,364.9
9.92,364.9166666666667
9.94,364.93333333333334
9.97,364.93333333333334
9.99,364.95
10.01,364.95
10.04,364.96666666666664
10.06,364.98333333333335
10.08,364.98333333333335
10.11,364.98333333333335
10.13,365.0
10.15,365.01666666666665
10.18,365.03333333333336
10.2,365.05
10.22,365.06666666666666
10.25,365.0833333333333
10.27,365.1
10.29,365.1166666666667
10.32,365.1333333333333
10.34,365.1666666666667
10.36,365.2
10.39,365.23333333333335
10.41,365.26666666666665
10.43,365.31666666666666
10.48,365.3666666666667
10.51,365.43333333333334
10.53,365.5
10.55,365.56666666666666
10.58,365.65
10.6,365.73333333333335
10.63,365.8333333333333
10.65,365.93333333333334
10.67,366.05
10.69,366.18333333333334
10.72,366.31666666666666
10.74,366.46666666666664
10.76,366.6333333333333
10.79,366.8
10.81,366.96666666666664
10.83,367.15
10.86,367.3333333333333
10.88,367.53333333333336
10.91,367.73333333333335
10.93,367.93333333333334
10.95,368.15
10.98,368.3666666666667
11.0,368.6
11.02,368.8333333333333
11.05,369.06666666666666
11.1,369.3
11.12,369.55
11.15,369.8
11.17,370.05
11.19,370.3
11.22,370.55
11.24,370.8
11.26,371.05
11.28,371.3
11.31,371.55
11.33,371.8
11.35,372.05
11.38,372.3
11.4,372.55
11.43,372.8
11.45,373.05
11.47,373.3
11.49,373.56666666666666
11.52,373.81666666666666
11.54,374.0833333333333
11.56,374.35
11.59,374.6
11.61,374.85
11.63,375.1
11.66,375.35
11.71,375.6
11.73,375.8666666666667
11.76,376.1333333333333
11.78,376.4
11.8,376.6666666666667
11.83,376.93333333333334
11.85,377.2
11.87,377.46666666666664
11.9,377.73333333333335
11.92,377.98333333333335
11.94,378.23333333333335
11.97,378.48333333333335
11.99,378.73333333333335
12.01,378.98333333333335
12.04,379.21666666666664
12.06,379.46666666666664
12.08,379.7
12.11,379.93333333333334
12.13,380.15
12.16,380.35
12.18,380.56666666666666
12.2,380.76666666666665
12.23,380.96666666666664
12.25,381.15
12.3,381.3333333333333
12.32,381.5
12.35,381.6666666666667
12.37,381.81666666666666
12.4,381.98333333333335
12.42,382.1666666666667
12.44,382.35
12.47,382.51666666666665
12.49,382.6666666666667
12.51,382.81666666666666
12.53,382.96666666666664
12.56,383.1166666666667
12.58,383.25
12.61,383.3833333333333
12.63,383.51666666666665
12.65,383.65
12.68,383.78333333333336
12.7,383.9166666666667
12.72,384.06666666666666
12.75,384.21666666666664
12.77,384.3666666666667
12.79,384.51666666666665
12.82,384.6666666666667
12.84,384.81666666666666
12.86,384.96666666666664
12.91,385.1166666666667
12.94,385.26666666666665
12.96,385.4166666666667
12.98,385.55
13.01,385.68333333333334
13.03,385.8
13.05,385.9166666666667
13.08,386.03333333333336
13.1,386.15
13.12,386.26666666666665
13.15,386.3833333333333
13.17,386.5
13.19,386.5833333333333
13.22,386.6666666666667
13.24,386.75
13.26,386.8333333333333
13.29,386.8833333333333
13.31,386.93333333333334
13.33,386.98333333333335
13.36,387.03333333333336
13.38,387.0833333333333
13.4,387.1166666666667
13.43,387.1333333333333
13.45,387.15
13.47,387.1666666666667
13.52,387.18333333333334
13.55,387.18333333333334
13.57,387.18333333333334
13.59,387.18333333333334
13.62,387.18333333333334
13.64,387.18333333333334
13.66,387.1666666666667
13.69,387.15
13.71,387.15
13.73,387.15
13.76,387.15
13.78,387.15
13.8,387.1666666666667
13.83,387.18333333333334
13.85,387.18333333333334
13.87,387.18333333333334
13.9,387.1666666666667
13.92,387.1666666666667
13.94,387.1666666666667
13.97,387.18333333333334
13.99,387.2
14.01,387.21666666666664
14.03,387.23333333333335
14.06,387.26666666666665
14.08,387.3
14.13,387.3333333333333
14.16,387.3666666666667
14.18,387.4
14.2,387.4166666666667
14.23,387.43333333333334
14.25,387.45
14.27,387.46666666666664
14.3,387.48333333333335
14.32,387.5
14.34,387.51666666666665
14.37,387.53333333333336
14.39,387.55
14.41,387.56666666666666
14.44,387.5833333333333
14.46,387.6
14.48,387.6166666666667
14.51,387.6333333333333
14.53,387.65
14.56,387.6666666666667
14.58,387.68333333333334
14.6,387.68333333333334
14.62,387.68333333333334
14.65,387.7
14.67,387.71666666666664
14.7,387.73333333333335
14.75,387.75
14.77,387.76666666666665
14.8,387.78333333333336
14.82,387.8
14.84,387.81666666666666
14.87,387.8333333333333
14.89,387.8666666666667
14.91,387.9
14.94,387.93333333333334
14.96,387.96666666666664
14.98,388.0
15.01,388.03333333333336
15.03,388.06666666666666
15.05,388.0833333333333
15.08,388.1
15.1,388.1166666666667
15.12,388.1333333333333
15.15,388.1666666666667
15.17,388.18333333333334
15.19,388.2
15.22,388.21666666666664
15.24,388.23333333333335
15.26,388.23333333333335
15.29,388.23333333333335
15.31,388.23333333333335
15.36,388.23333333333335
15.39,388.23333333333335
15.41,388.23333333333335
15.43,388.23333333333335
15.46,388.21666666666664
15.48,388.2
15.5,388.18333333333334
15.52,388.1666666666667
15.55,388.15
15.57,388.1333333333333
15.6,388.1166666666667
15.62,388.1
15.64,388.0833333333333
15.67,388.06666666666666
15.69,388.05
15.71,388.03333333333336
15.74,388.01666666666665
15.76,388.0
15.78,387.98333333333335
15.81,387.96666666666664
15.83,387.95
15.85,387.93333333333334
15.88,387.9166666666667
15.9,387.8833333333333
15.95,387.8666666666667
15.98,387.85
16.0,387.8333333333333
16.02,387.81666666666666
16.05,387.8
16.07,387.78333333333336
16.09,387.78333333333336
16.12,387.78333333333336
16.14,387.78333333333336
16.16,387.78333333333336
16.19,387.76666666666665
16.21,387.75
16.23,387.75
16.26,387.75
16.28,387.75
16.3,387.75
16.33,387.75
16.35,387.75
16.37,387.75
16.4,387.75
16.42,387.75
16.44,387.75
16.47,387.75
16.49,387.75
16.51,387.76666666666665
16.57,387.78333333333336
16.59,387.8
16.61,387.81666666666666
16.64,387.81666666666666
16.66,387.81666666666666
16.68,387.8333333333333
16.7,387.85
16.73,387.8666666666667
16.75,387.8833333333333
16.78,387.9
16.8,387.9166666666667
16.82,387.9166666666667
16.84,387.9166666666667
16.87,387.9166666666667
16.89,387.9166666666667
16.92,387.9166666666667
16.94,387.9166666666667
16.96,387.9166666666667
16.99,387.9166666666667
17.01,387.9
17.03,387.8833333333333
17.06,387.8666666666667
17.08,387.85
17.1,387.8333333333333
17.13,387.81666666666666
17.18,387.8
17.2,387.78333333333336
17.23,387.76666666666665
17.25,387.75
17.27,387.73333333333335
17.3,387.71666666666664
17.32,387.7
17.34,387.68333333333334
17.37,387.6666666666667
17.39,387.6666666666667
17.41,387.6666666666667
17.44,387.6666666666667
17.46,387.6666666666667
17.48,387.6666666666667
17.51,387.6666666666667
17.53,387.6666666666667
17.55,387.6666666666667
17.58,387.6666666666667
17.6,387.6666666666667
17.62,387.6666666666667
17.65,387.68333333333334
17.67,387.7
17.69,387.71666666666664
17.72,387.73333333333335
17.74,387.75
17.79,387.76666666666665
17.81,387.78333333333336
17.84,387.8
17.86,387.81666666666666
17.88,387.8333333333333
17.91,387.85
17.93,387.8666666666667
17.95,387.8833333333333
17.98,387.9
18.0,387.9166666666667
18.02,387.93333333333334
18.05,387.95
18.07,387.96666666666664
18.09,387.98333333333335
18.12,388.0
18.14,388.0
18.16,388.0
18.19,388.0
18.21,388.0
18.23,388.0
18.26,388.0
18.28,388.0
18.31,388.0
18.33,388.0
18.35,388.0
18.4,388.0
18.43,388.0
18.45,388.0
18.48,388.0
18.5,388.0
18.52,388.0
18.55,388.0
18.57,388.0
18.59,388.0
18.62,388.0
18.64,388.0
18.66,388.0
18.68,388.0
18.71,388.0
18.73,388.0
18.76,388.0
18.78,388.0
18.8,388.0
18.83,388.0
18.85,388.0
18.87,388.0
18.9,388.0
18.92,388.0
18.94,388.0
18.99,388.0
19.02,388.0
19.04,388.0
19.06,388.0
19.09,388.0
19.11,388.0
19.13,388.0
19.16,388.0
19.18,388.01666666666665
19.2,388.01666666666665
19.23,388.01666666666665
19.25,388.01666666666665
19.27,388.01666666666665
19.3,388.01666666666665
19.32,388.01666666666665
19.34,388.01666666666665
19.37,388.01666666666665
19.39,388.01666666666665
19.42,388.01666666666665
19.44,388.01666666666665
19.46,388.01666666666665
19.48,388.01666666666665
19.51,388.01666666666665
19.53,388.01666666666665
19.56,388.01666666666665
19.61,388.01666666666665
19.63,388.01666666666665
19.65,388.01666666666665
19.68,388.01666666666665
19.7,388.01666666666665
19.72,388.01666666666665
19.74,388.01666666666665
19.77,388.01666666666665
19.79,388.01666666666665
19.81,388.01666666666665
19.84,388.01666666666665
19.86,388.01666666666665
19.88,388.01666666666665
19.91,388.01666666666665
19.93,388.01666666666665
19.95,388.01666666666665
19.98,388.01666666666665
20.0,388.01666666666665
20.02,388.01666666666665
20.05,388.01666666666665
20.07,388.01666666666665
20.09,388.01666666666665
20.12,388.01666666666665
20.14,388.01666666666665
20.16,388.01666666666665
20.21,388.01666666666665
20.24,388.01666666666665
20.26,388.01666666666665
20.28,388.01666666666665
20.31,388.01666666666665
20.33,388.01666666666665
20.35,388.01666666666665
20.38,388.01666666666665
20.4,388.01666666666665
20.42,388.01666666666665
20.45,388.01666666666665
20.47,388.03333333333336
20.49,388.05
20.52,388.05
20.54,388.06666666666666
20.56,388.0833333333333
20.59,388.1
20.61,388.1
20.63,388.1
20.66,388.1166666666667
20.68,388.1333333333333
20.7,388.15
20.73,388.1666666666667
20.75,388.18333333333334
20.77,388.18333333333334
20.83,388.18333333333334
20.85,388.18333333333334
20.87,388.18333333333334
20.89,388.18333333333334
20.92,388.18333333333334
20.94,388.18333333333334
20.97,388.18333333333334
20.99,388.18333333333334
21.01,388.18333333333334
21.04,388.18333333333334
21.06,388.18333333333334
21.08,388.18333333333334
21.11,388.18333333333334
21.13,388.18333333333334
21.15,388.18333333333334
21.18,388.18333333333334
21.2,388.18333333333334
21.22,388.18333333333334
21.25,388.18333333333334
21.27,388.18333333333334
21.29,388.18333333333334
21.32,388.18333333333334
21.34,388.18333333333334
21.36,388.18333333333334
21.39,388.18333333333334
21.44,388.18333333333334
21.46,388.18333333333334
21.49,388.18333333333334
21.51,388.18333333333334
21.53,388.18333333333334
21.56,388.18333333333334
21.58,388.18333333333334
21.6,388.18333333333334
21.63,388.18333333333334
21.65,388.18333333333334
21.67,388.18333333333334
21.69,388.18333333333334
21.72,388.18333333333334
21.74,388.2
21.77,388.21666666666664
21.79,388.21666666666664
21.81,388.21666666666664
21.83,388.21666666666664
21.86,388.21666666666664
21.88,388.21666666666664
21.91,388.21666666666664
21.93,388.2
21.95,388.18333333333334
21.98,388.18333333333334
22.0,388.1666666666667
22.05,388.15
22.07,388.1333333333333
22.1,388.1333333333333
22.12,388.1166666666667
22.14,388.1
22.17,388.0833333333333
22.19,388.06666666666666
22.22,388.05
22.24,388.03333333333336
22.26,388.03333333333336
22.29,388.03333333333336
22.31,388.03333333333336
22.33,388.03333333333336
22.36,388.03333333333336
22.38,388.03333333333336
22.4,388.03333333333336
22.43,388.03333333333336
22.45,388.03333333333336
22.47,388.03333333333336
22.5,388.03333333333336
22.52,388.03333333333336
22.54,388.03333333333336
22.57,388.03333333333336
22.59,388.03333333333336
22.64,388.03333333333336
22.67,388.03333333333336
22.69,388.03333333333336
22.71,388.03333333333336
22.73,388.03333333333336
22.76,388.03333333333336
22.78,388.03333333333336
22.81,388.03333333333336
22.83,388.03333333333336
22.85,388.03333333333336
22.88,388.03333333333336
22.9,388.03333333333336
22.92,388.03333333333336
22.94,388.03333333333336
22.97,388.03333333333336
22.99,388.03333333333336
23.01,388.03333333333336
23.04,388.03333333333336
23.06,388.03333333333336
23.08,388.03333333333336
23.11,388.03333333333336
23.13,388.03333333333336
23.16,388.03333333333336
23.18,388.03333333333336
23.2,388.01666666666665
23.25,388.0
23.28,388.0
23.3,388.0
23.32,388.0
23.35,388.0
23.37,388.0
23.39,388.0
23.42,388.0
23.44,388.0
23.47,388.0
23.49,388.0
23.51,388.0
23.53,388.0
23.56,388.0
23.58,388.0
23.6,388.0
23.63,388.0
23.65,388.0
23.67,388.0
23.7,388.0
23.72,388.0
23.75,388.0
23.77,388.01666666666665
23.79,388.01666666666665
23.82,388.01666666666665
23.87,388.01666666666665
23.89,388.03333333333336
23.91,388.05
23.94,388.05
23.96,388.05
23.98,388.06666666666666
24.01,388.06666666666666
24.03,388.06666666666666
24.05,388.0833333333333
24.08,388.1
24.1,388.1
24.12,388.1
24.15,388.1
24.17,388.1
24.19,388.1
24.22,388.1
24.24,388.1
24.26,388.1
24.29,388.1
24.31,388.1
24.33,388.1
24.35,388.1
24.38,388.1
24.4,388.1
24.43,388.1
24.48,388.1
24.5,388.1
24.52,388.1
24.55,388.1
24.57,388.1
24.59,388.1
24.62,388.1
24.64,388.1
24.66,388.1
24.69,388.1
24.71,388.1
24.74,388.1
24.76,388.1
24.78,388.1
24.81,388.1
24.83,388.1
24.85,388.1
24.88,388.1
24.9,388.1
24.92,388.1166666666667
24.95,388.1166666666667
24.97,388.1166666666667
24.99,388.1166666666667
25.02,388.1166666666667
25.07,388.1333333333333
25.09,388.1333333333333
25.11,388.1333333333333
25.14,388.1333333333333
25.16,388.1333333333333
25.18,388.15
25.21,388.15
25.23,388.15
25.25,388.1333333333333
25.28,388.1333333333333
25.3,388.1333333333333
25.33,388.1333333333333
25.35,388.1166666666667
25.37,388.1
25.4,388.1
25.42,388.1
25.44,388.0833333333333
25.47,388.0833333333333
25.49,388.0833333333333
25.51,388.06666666666666
25.53,388.05
25.56,388.05
25.58,388.05
25.6,388.05
25.63,388.05
25.68,388.06666666666666
25.7,388.06666666666666
25.73,388.0833333333333
25.75,388.1
25.77,388.1166666666667
25.8,388.1333333333333
25.82,388.1333333333333
25.84,388.1333333333333
25.87,388.15
25.89,388.15
25.91,388.1666666666667
25.94,388.1666666666667
25.96,388.1666666666667
25.98,388.18333333333334
26.0,388.18333333333334
26.03,388.18333333333334
26.05,388.18333333333334
26.07,388.18333333333334
26.1,388.18333333333334
26.12,388.18333333333334
26.14,388.18333333333334
26.17,388.18333333333334
26.19,388.18333333333334
26.21,388.18333333333334
26.24,388.18333333333334
26.29,388.18333333333334
26.31,388.18333333333334
26.33,388.18333333333334
26.36,388.18333333333334
26.38,388.18333333333334
26.4,388.1666666666667
26.43,388.1666666666667
26.45,388.1666666666667
26.47,388.1666666666667
26.5,388.1666666666667
26.52,388.15
26.55,388.15
26.57,388.15
26.59,388.15
26.61,388.15
26.64,388.1333333333333
26.66,388.1333333333333
26.68,388.1333333333333
26.71,388.1333333333333
26.73,388.1333333333333
26.75,388.1333333333333
26.78,388.1333333333333
26.8,388.1333333333333
26.82,388.1333333333333
26.85,388.1333333333333
26.9,388.1333333333333
26.92,388.1333333333333
26.94,388.1333333333333
26.97,388.1333333333333
26.99,388.1333333333333
27.01,388.1333333333333
27.04,388.1333333333333
27.06,388.1333333333333
27.08,388.1333333333333
27.11,388.1333333333333
27.13,388.1166666666667
27.16,388.1333333333333
27.18,388.1333333333333
27.2,388.1333333333333
27.23,388.1333333333333
27.25,388.1333333333333
27.27,388.15
27.3,388.1666666666667
27.32,388.1666666666667
27.34,388.18333333333334
27.37,388.18333333333334
27.39,388.2
27.41,388.21666666666664
27.44,388.21666666666664
27.46,388.23333333333335
27.51,388.25
27.53,388.26666666666665
27.56,388.28333333333336
27.58,388.3
27.6,388.3
27.63,388.31666666666666
27.65,388.31666666666666
27.67,388.3333333333333
27.7,388.35
27.72,388.35
27.75,388.3666666666667
27.77,388.3833333333333
27.79,388.4
27.81,388.4
27.84,388.4
27.86,388.4
27.88,388.4
27.91,388.4166666666667
27.93,388.4166666666667
27.95,388.4166666666667
27.98,388.4166666666667
28.0,388.4166666666667
28.02,388.4166666666667
28.05,388.4166666666667
28.07,388.4166666666667
28.12,388.4166666666667
28.15,388.4166666666667
28.17,388.4166666666667
28.19,388.4166666666667
28.22,388.4166666666667
28.24,388.4166666666667
28.26,388.4166666666667
28.28,388.4166666666667
28.31,388.4166666666667
28.33,388.4166666666667
28.35,388.4166666666667
28.38,388.4166666666667
28.4,388.4166666666667
28.43,388.4166666666667
28.45,388.4166666666667
28.48,388.4166666666667
28.5,388.4166666666667
28.52,388.4166666666667
28.55,388.4166666666667
28.57,388.4166666666667
28.59,388.4
28.61,388.3666666666667
28.64,388.3333333333333
28.66,388.3
28.71,388.26666666666665
28.74,388.23333333333335
28.76,388.2
28.78,388.1666666666667
28.81,388.1333333333333
28.83,388.1
28.85,388.06666666666666
28.88,388.03333333333336
28.9,388.0
28.92,387.96666666666664
28.95,387.9166666666667
28.97,387.8666666666667
28.99,387.81666666666666
29.02,387.76666666666665
29.04,387.71666666666664
29.06,387.7
29.09,387.6666666666667
29.11,387.65
29.13,387.6166666666667
29.16,387.5833333333333
29.18,387.56666666666666
29.2,387.53333333333336
29.23,387.5
29.25,387.46666666666664
29.27,387.46666666666664
29.32,387.46666666666664
29.35,387.46666666666664
29.37,387.46666666666664
29.39,387.45
29.42,387.45
29.44,387.45
29.46,387.45
29.49,387.45
29.51,387.45
29.53,387.45
29.56,387.45
29.58,387.45
29.6,387.45
29.63,387.46666666666664
29.65,387.48333333333335
29.67,387.48333333333335
29.7,387.48333333333335
29.72,387.5
29.75,387.51666666666665
29.77,387.53333333333336
29.79,387.55
29.82,387.55
29.84,387.55
29.86,387.55
29.89,387.55
29.94,387.55
29.96,387.55
29.98,387.55
30.01,387.53333333333336
30.03,387.51666666666665
30.05,387.5
30.08,387.48333333333335
30.1,387.46666666666664
30.12,387.45
30.15,387.4166666666667
30.17,387.3833333333333
30.19,387.35
30.22,387.3
30.24,387.25
30.26,387.18333333333334
30.29,387.1166666666667
30.31,387.03333333333336
30.33,386.95
30.36,386.85
30.38,386.75
30.4,386.65
30.43,386.53333333333336
30.45,386.4166666666667
30.47,386.28333333333336
30.5,386.1333333333333
30.55,385.95
30.57,385.76666666666665
30.59,385.56666666666666
30.62,385.35
30.64,385.1333333333333
30.66,384.9
30.69,384.65
30.71,384.4
30.73,384.1333333333333
30.76,383.8333333333333
30.78,383.53333333333336
30.8,383.21666666666664
30.83,382.8833333333333
30.85,382.55
30.87,382.2
30.9,381.8333333333333
30.92,381.46666666666664
30.95,381.0833333333333
30.97,380.68333333333334
30.99,380.28333333333336
31.02,379.8666666666667
31.04,379.45
31.06,379.01666666666665
31.09,378.56666666666666
31.14,378.1
31.16,377.65
31.18,377.18333333333334
31.21,376.7
31.23,376.21666666666664
31.25,375.73333333333335
31.28,375.25
31.3,374.78333333333336
31.33,374.31666666666666
31.35,373.85
31.37,373.3833333333333
31.39,372.9166666666667
31.42,372.45
31.44,372.0
31.47,371.56666666666666
31.49,371.1333333333333
31.51,370.71666666666664
31.53,370.31666666666666
31.56,369.93333333333334
31.58,369.55
31.6,369.2
31.63,368.85
31.65,368.51666666666665
31.67,368.2
31.7,367.8833333333333
31.75,367.6166666666667
31.77,367.35
31.8,367.1166666666667
31.82,366.8833333333333
31.84,366.6666666666667
31.86,366.46666666666664
31.89,366.28333333333336
31.91,366.1166666666667
31.94,365.95
31.96,365.8
31.98,365.6666666666667
32.01,365.55
32.03,365.43333333333334
32.05,365.3333333333333
32.08,365.25
32.1,365.1666666666667
32.12,365.1
32.15,365.05
32.17,365.0
32.19,364.95
32.21,364.9166666666667
32.24,364.8833333333333
32.26,364.85
32.28,364.8333333333333
32.31,364.81666666666666
32.36,364.8
32.38,364.8
32.4,364.8
32.43,364.8
32.45,364.81666666666666
32.47,364.81666666666666
32.5,364.81666666666666
32.52,364.8
32.54,364.8
32.57,364.78333333333336
32.59,364.78333333333336
32.61,364.78333333333336
32.64,364.78333333333336
32.66,364.78333333333336
32.69,364.78333333333336
32.71,364.78333333333336
32.73,364.76666666666665
32.75,364.75
32.78,364.71666666666664
32.8,364.68333333333334
32.82,364.6333333333333
32.85,364.5833333333333
32.87,364.53333333333336
32.89,364.46666666666664
32.92,364.4
32.97,364.35
32.99,364.28333333333336
33.01,364.23333333333335
33.04,364.18333333333334
33.06,364.15
33.08,364.1166666666667
33.11,364.1
33.13,364.0833333333333
33.16,364.0833333333333
33.18,364.0833333333333
33.2,364.06666666666666
33.22,364.05
33.25,364.01666666666665
33.27,364.0
33.3,363.98333333333335
33.32,363.95
33.34,363.93333333333334
33.37,363.9166666666667
33.39,363.9166666666667
33.41,363.9166666666667
33.44,363.93333333333334
33.46,363.95
33.48,363.96666666666664
33.51,363.98333333333335
33.53,364.0
33.58,364.0
33.61,364.0
33.63,363.98333333333335
33.65,363.95
33.68,363.93333333333334
33.7,363.9
33.72,363.8666666666667
33.74,363.8333333333333
33.77,363.8
33.79,363.76666666666665
33.81,363.73333333333335
33.84,363.7
33.86,363.68333333333334
33.88,363.68333333333334
33.91,363.68333333333334
33.93,363.7
33.95,363.71666666666664
33.98,363.75
34.0,363.76666666666665
34.02,363.78333333333336
34.05,363.8
34.07,363.8
34.1,363.81666666666666
34.12,363.81666666666666
34.14,363.81666666666666
34.19,363.8
34.22,363.8
34.24,363.8
34.26,363.81666666666666
34.28,363.8333333333333
34.31,363.8666666666667
34.33,363.8833333333333
34.35,363.9
34.38,363.9166666666667
34.4,363.9166666666667
34.42,363.9
34.45,363.8833333333333
34.47,363.85
34.49,363.8
34.52,363.73333333333335
34.54,363.6666666666667
34.56,363.5833333333333
34.59,363.48333333333335
34.61,363.3833333333333
34.63,363.3
34.66,363.21666666666664
34.68,363.15
34.71,363.1166666666667
34.73,363.0833333333333
34.78,363.06666666666666
34.8,363.06666666666666
34.83,363.06666666666666
34.85,363.06666666666666
34.87,363.05
34.9,363.03333333333336
34.92,363.0
34.94,362.98333333333335
34.97,362.96666666666664
34.99,362.95
35.01,362.93333333333334
35.04,362.93333333333334
35.06,362.93333333333334
35.08,362.95
35.11,362.96666666666664
35.13,362.98333333333335
35.15,363.01666666666665
35.18,363.05
35.2,363.0833333333333
35.22,363.1
35.25,363.1166666666667
35.27,363.1333333333333
35.29,363.1333333333333
35.31,363.1
35.34,363.05
35.39,362.96666666666664
35.41,362.8833333333333
35.44,362.8
35.46,362.71666666666664
35.48,362.65
35.51,362.6
35.53,362.55
35.55,362.51666666666665
35.58,362.48333333333335
35.6,362.46666666666664
35.62,362.45
35.65,362.45
35.67,362.45
35.69,362.45
35.72,362.45
35.74,362.45
35.76,362.43333333333334
35.78,362.43333333333334
35.81,362.43333333333334
35.83,362.43333333333334
35.86,362.45
35.88,362.48333333333335
35.9,362.51666666666665
35.93,362.56666666666666
35.95,362.6166666666667
36.0,362.6666666666667
36.03,362.7
36.05,362.75
36.07,362.8
36.1,362.8333333333333
36.12,362.8666666666667
36.14,362.8833333333333
36.17,362.8833333333333
36.19,362.8666666666667
36.21,362.8333333333333
36.24,362.8
36.26,362.75
36.28,362.68333333333334
36.31,362.6333333333333
36.33,362.5833333333333
36.35,362.55
36.38,362.51666666666665
36.4,362.48333333333335
36.42,362.46666666666664
36.45,362.45
36.47,362.43333333333334
36.49,362.4166666666667
36.51,362.4166666666667
36.54,362.4166666666667
36.56,362.43333333333334
36.61,362.43333333333334
36.64,362.43333333333334
36.66,362.43333333333334
36.68,362.43333333333334
36.71,362.45
36.73,362.45
36.75,362.46666666666664
36.78,362.48333333333335
36.8,362.51666666666665
36.82,362.55
36.85,362.6
36.87,362.65
36.89,362.7
36.92,362.73333333333335
36.94,362.76666666666665
36.96,362.78333333333336
36.99,362.78333333333336
37.01,362.78333333333336
37.03,362.76666666666665
37.06,362.75
37.08,362.71666666666664
37.1,362.68333333333334
37.13,362.65
37.15,362.6
37.17,362.55
37.24,362.5
37.26,362.48333333333335
37.28,362.46666666666664
37.31,362.46666666666664
37.33,362.48333333333335
37.35,362.5
37.38,362.5
37.4,362.51666666666665
37.42,362.51666666666665
37.45,362.51666666666665
37.47,362.53333333333336
37.49,362.55
37.52,362.55
37.54,362.56666666666666
37.56,362.5833333333333
37.59,362.6
37.61,362.6333333333333
37.63,362.6666666666667
37.66,362.7
37.68,362.73333333333335
37.7,362.76666666666665
37.73,362.8
37.75,362.8333333333333
37.77,362.85
37.85,362.8666666666667
37.87,362.8666666666667
37.89,362.8666666666667
37.92,362.85
37.94,362.81666666666666
37.96,362.78333333333336
37.99,362.75
38.01,362.71666666666664
38.03,362.68333333333334
38.06,362.65
38.08,362.6166666666667
38.1,362.6
38.13,362.5833333333333
38.15,362.56666666666666
38.17,362.55
38.19,362.53333333333336
38.22,362.53333333333336
38.24,362.51666666666665
38.26,362.51666666666665
38.29,362.51666666666665
38.31,362.51666666666665
38.33,362.53333333333336
38.36,362.53333333333336
38.38,362.55
38.4,362.56666666666666
38.46,362.56666666666666
38.48,362.5833333333333
38.5,362.6
38.52,362.6
38.55,362.6166666666667
38.57,362.6166666666667
38.59,362.6166666666667
38.62,362.6166666666667
38.64,362.6
38.66,362.6
38.69,362.6
38.71,362.6
38.73,362.5833333333333
38.76,362.56666666666666
38.78,362.53333333333336
38.8,362.5
38.83,362.46666666666664
38.85,362.45
38.87,362.4166666666667
38.9,362.4
38.92,362.4
38.94,362.3833333333333
38.97,362.3833333333333
38.99,362.4
39.01,362.4
39.06,362.43333333333334
39.09,362.45
39.11,362.45
39.13,362.46666666666664
39.16,362.46666666666664
39.18,362.48333333333335
39.2,362.48333333333335
39.23,362.48333333333335
39.25,362.5
39.27,362.51666666666665
39.3,362.53333333333336
39.32,362.55
39.34,362.56666666666666
39.37,362.5833333333333
39.39,362.6
39.41,362.6166666666667
39.44,362.6333333333333
39.46,362.65
39.48,362.65
39.51,362.65
39.53,362.65
39.55,362.65
39.58,362.6333333333333
39.6,362.6166666666667
39.62,362.6166666666667
39.67,362.6166666666667
39.7,362.6
39.72,362.6
39.74,362.6
39.77,362.5833333333333
39.79,362.5833333333333
39.82,362.56666666666666
39.84,362.56666666666666
39.86,362.55
39.88,362.55
39.91,362.55
39.93,362.55
39.96,362.55
39.98,362.56666666666666
40.0,362.5833333333333
40.03,362.6
40.05,362.6333333333333
40.07,362.65
40.1,362.68333333333334
40.12,362.7
40.14,362.71666666666664
40.17,362.73333333333335
40.19,362.75
40.21,362.76666666666665
40.24,362.78333333333336
40.29,362.78333333333336
40.31,362.78333333333336
40.33,362.78333333333336
40.36,362.78333333333336
40.38,362.78333333333336
40.4,362.78333333333336
40.43,362.78333333333336
40.45,362.78333333333336
40.47,362.78333333333336
40.5,362.78333333333336
40.52,362.76666666666665
40.54,362.75
40.57,362.75
40.59,362.73333333333335
40.61,362.73333333333335
40.64,362.71666666666664
40.66,362.71666666666664
40.68,362.71666666666664
40.71,362.71666666666664
40.73,362.71666666666664
40.75,362.71666666666664
40.78,362.71666666666664
40.8,362.71666666666664
40.82,362.71666666666664
40.85,362.71666666666664
40.9,362.71666666666664
40.92,362.71666666666664
40.94,362.71666666666664
40.97,362.71666666666664
40.99,362.71666666666664
41.02,362.7
41.04,362.68333333333334
41.06,362.68333333333334
41.09,362.68333333333334
41.11,362.6666666666667
41.13,362.65
41.16,362.65
41.18,362.65
41.2,362.65
41.23,362.65
41.25,362.65
41.27,362.65
41.29,362.65
41.32,362.6666666666667
41.34,362.6666666666667
41.37,362.68333333333334
41.39,362.68333333333334
41.41,362.7
41.44,362.71666666666664
41.49,362.71666666666664
41.51,362.71666666666664
41.53,362.71666666666664
41.56,362.73333333333335
41.58,362.73333333333335
41.6,362.75
41.63,362.76666666666665
41.65,362.78333333333336
41.67,362.78333333333336
41.7,362.78333333333336
41.72,362.78333333333336
41.74,362.78333333333336
41.77,362.78333333333336
41.79,362.76666666666665
41.81,362.75
41.84,362.73333333333335
41.86,362.7
41.88,362.68333333333334
41.91,362.65
41.93,362.6166666666667
41.95,362.6
41.98,362.5833333333333
42.0,362.5833333333333
42.02,362.56666666666666
42.05,362.56666666666666
42.1,362.56666666666666
42.12,362.5833333333333
42.14,362.5833333333333
42.17,362.6
42.19,362.6
42.21,362.6
42.24,362.6
42.26,362.6166666666667
42.29,362.6333333333333
42.31,362.65
42.33,362.6666666666667
42.36,362.68333333333334
42.38,362.7
42.4,362.71666666666664
42.43,362.73333333333335
42.45,362.75
42.47,362.76666666666665
42.5,362.78333333333336
42.52,362.8
42.54,362.8
42.56,362.81666666666666
42.59,362.81666666666666
42.61,362.81666666666666
42.63,362.8
42.66,362.78333333333336
42.71,362.76666666666665
42.73,362.73333333333335
42.76,362.71666666666664
42.78,362.7
42.8,362.6666666666667
42.83,362.65
42.85,362.6333333333333
42.87,362.6333333333333
42.9,362.6166666666667
42.92,362.6
42.94,362.6
42.97,362.6
42.99,362.6
43.01,362.6
43.04,362.6
43.06,362.6
43.08,362.6
43.11,362.6
43.13,362.6166666666667
43.15,362.6333333333333
43.17,362.65
43.2,362.68333333333334
43.22,362.71666666666664
43.25,362.75
43.27,362.78333333333336
43.32,362.81666666666666
43.34,362.85
43.37,362.8666666666667
43.39,362.8833333333333
43.41,362.8833333333333
43.44,362.8833333333333
43.46,362.8666666666667
43.48,362.8333333333333
43.51,362.81666666666666
43.53,362.78333333333336
43.56,362.75
43.58,362.7
43.6,362.6666666666667
43.63,362.6166666666667
43.65,362.5833333333333
43.67,362.56666666666666
43.69,362.55
43.72,362.53333333333336
43.74,362.53333333333336
43.76,362.53333333333336
43.79,362.55
43.81,362.56666666666666
43.83,362.5833333333333
43.86,362.6
43.91,362.6
43.93,362.6
43.96,362.6166666666667
43.98,362.6333333333333
