0.41,361
0.44,361
0.46,361
0.48,361
0.5,361
0.53,361
0.55,361
0.57,361
0.6,361
0.62,361
0.64,361
0.67,361
0.69,361
0.71,361
0.74,361
0.76,361
0.78,361
0.81,361
0.83,361
0.85,361
0.88,361
0.93,361
0.95,361
0.97,361
1,361
1.02,361
1.04,361
1.07,361
1.09,361
1.12,361
1.14,361
1.16,361
1.18,361
1.21,361
1.23,361
1.25,361
1.28,361
1.3,361
1.33,361
1.35,361
1.37,361
1.39,361
1.42,361
1.44,361
1.46,361
1.49,361
1.54,361
1.57,361
1.59,361
1.61,361
1.63,361
1.66,361
1.68,361
1.7,361
1.73,361
1.75,361
1.77,361
1.8,361
1.82,361
1.84,361
1.87,361
1.89,361
1.91,361
1.94,361
1.96,361
1.98,361
2.01,361
2.03,361
2.05,361
2.08,361
2.13,361
2.15,361
2.17,361
2.2,361
2.22,361
2.24,361
2.27,361
2.29,361
2.31,361
2.34,361
2.36,361
2.38,361
2.41,361
2.43,361
2.45,361
2.48,361
2.5,360
2.52,362
2.55,362
2.57,361
2.59,362
2.62,361
2.64,362
2.66,362
2.69,362
2.74,362
2.76,362
2.78,362
2.81,362
2.83,362
2.85,362
2.88,362
2.9,362
2.92,362
2.95,363
2.97,362
3,363
3.02,363
3.04,363
3.07,363
3.09,363
3.11,363
3.13,363
3.16,363
3.18,363
3.2,363
3.23,363
3.25,363
3.27,363
3.3,363
3.35,363
3.37,363
3.4,363
3.42,363
3.44,363
3.47,363
3.49,363
3.51,362
3.54,362
3.56,362
3.58,362
3.61,362
3.63,362
3.65,362
3.68,362
3.7,361
3.72,361
3.74,361
3.77,361
3.79,361
3.82,361
3.84,361
3.86,361
3.89,361
3.91,361
3.96,361
3.98,362
4.01,362
4.03,362
4.05,362
4.08,362
4.1,362
4.12,362
4.15,362
4.17,362
4.19,363
4.22,363
4.24,363
4.26,363
4.29,363
4.31,363
4.33,363
4.36,363
4.38,364
4.4,364
4.42,364
4.45,364
4.47,364
4.49,364
4.52,364
4.57,364
4.59,364
4.61,364
4.64,364
4.66,364
4.68,364
4.71,364
4.73,364
4.75,364
4.78,364
4.8,364
4.82,364
4.85,364
4.87,364
4.89,364
4.92,364
4.94,364
4.96,364
4.99,364
5.01,364
5.03,364
5.06,364
5.08,364
5.1,364
5.13,364
5.18,364
5.2,364
5.22,363
5.25,363
5.27,363
5.29,363
5.32,363
5.34,363
5.36,363
5.39,362
5.41,362
5.43,362
5.46,362
5.48,362
5.5,362
5.53,362
5.55,362
5.57,362
5.6,362
5.62,362
5.64,362
5.66,362
5.69,362
5.71,362
5.77,362
5.79,363
5.81,363
5.84,363
5.86,363
5.88,363
5.91,364
5.93,364
5.95,364
5.97,365
6,365
6.02,365
6.04,365
6.07,365
6.09,365
6.11,366
6.14,365
6.16,366
6.18,366
6.21,366
6.23,366
6.25,366
6.28,366
6.3,365
6.32,365
6.37,365
6.4,364
6.42,364
6.44,364
6.47,364
6.49,364
6.51,364
6.54,363
6.56,363
6.58,363
6.61,363
6.63,363
6.65,363
6.68,363
6.7,363
6.72,363
6.75,364
6.77,364
6.79,364
6.82,364
6.84,364
6.86,364
6.89,364
6.91,364
6.93,364
6.99,364
7.01,364
7.03,364
7.05,364
7.08,364
7.1,364
7.13,364
7.15,363
7.18,363
7.2,363
7.22,363
7.24,363
7.27,363
7.29,363
7.31,363
7.34,363
7.36,363
7.39,363
7.41,363
7.43,363
7.45,363
7.48,364
7.5,364
7.52,364
7.55,365
7.6,365
7.62,365
7.64,366
7.67,366
7.69,366
7.71,366
7.74,366
7.76,367
7.78,367
7.81,367
7.83,367
7.85,367
7.88,367
7.9,367
7.92,367
7.95,367
7.97,367
7.99,367
8.02,367
8.04,367
8.06,367
8.09,367
8.11,367
8.13,367
8.16,367
8.21,367
8.23,367
8.25,368
8.28,368
8.3,369
8.32,369
8.35,370
8.37,370
8.39,371
8.42,372
8.44,372
8.46,373
8.49,373
8.51,374
8.54,375
8.56,375
8.58,376
8.61,376
8.63,377
8.65,377
8.68,377
8.7,377
8.72,377
8.74,377
8.8,378
8.82,378
8.84,378
8.87,378
8.89,377
8.91,377
8.94,377
8.96,377
8.98,376
9.01,376
9.03,376
9.05,375
9.08,375
9.1,375
9.12,374
9.15,374
9.17,374
9.19,374
9.22,374
9.24,374
9.26,374
9.28,375
9.31,374
9.33,375
9.35,375
9.41,375
9.43,376
9.45,375
9.48,376
9.5,376
9.52,376
9.55,377
9.57,374
9.59,377
9.62,376
9.64,376
9.66,377
9.69,377
9.71,377
9.73,377
9.76,377
9.78,377
9.8,377
9.83,377
9.85,377
9.88,377
9.9,377
9.92,377
9.94,378
9.97,378
10.02,379
10.04,379
10.06,380
10.09,380
10.11,381
10.14,381
10.16,381
10.18,382
10.2,382
10.23,383
10.25,383
10.27,384
10.3,384
10.32,384
10.34,384
10.37,384
10.39,384
10.41,384
10.44,385
10.46,385
10.48,385
10.51,385
10.53,385
10.55,385
10.58,385
10.63,384
10.65,384
10.68,384
10.7,384
10.72,384
10.74,384
10.77,384
10.79,384
10.81,384
10.84,385
10.86,384
10.88,385
10.91,385
10.93,385
10.95,385
10.98,385
11,384
11.02,384
11.05,385
11.07,384
11.09,383
11.12,383
11.14,383
11.17,383
11.22,383
11.24,382
11.26,382
11.29,382
11.31,381
11.33,381
11.36,380
11.38,380
11.4,380
11.43,380
11.45,380
11.47,379
11.5,379
11.52,379
11.54,380
11.57,380
11.59,380
11.61,381
11.64,381
11.66,382
11.68,382
11.71,382
11.73,382
11.75,383
11.78,382
11.83,383
11.85,383
11.87,384
11.9,385
11.92,385
11.94,385
11.97,386
11.99,386
12.01,386
12.04,386
12.06,386
12.08,386
12.11,386
12.13,386
12.15,386
12.18,386
12.2,386
12.22,385
12.25,385
12.27,385
12.29,385
12.31,384
12.34,384
12.36,384
12.39,384
12.44,384
12.46,384
12.48,384
12.51,384
12.53,384
12.56,384
12.58,384
12.6,384
12.62,384
12.65,384
12.67,384
12.69,384
12.72,383
12.74,383
12.76,383
12.79,384
12.81,384
12.83,383
12.86,383
12.88,383
12.9,383
12.93,383
12.95,383
12.97,383
13,383
13.05,383
13.07,383
13.09,383
13.12,383
13.14,383
13.16,383
13.19,383
13.21,383
13.23,383
13.26,383
13.28,383
13.3,384
13.33,383
13.35,383
13.37,384
13.4,384
13.42,384
13.44,384
13.47,384
13.49,384
13.51,384
13.53,385
13.56,385
13.58,385
13.6,385
13.66,385
13.68,385
13.71,385
13.73,385
13.75,385
13.77,385
13.8,385
13.82,385
13.85,385
13.87,385
13.89,385
13.92,385
13.94,385
13.96,385
13.98,385
14.01,385
14.03,385
14.06,385
14.08,385
14.1,385
14.13,385
14.15,385
14.17,384
14.19,384
14.3,384
14.32,384
14.35,384
14.37,384
14.39,384
14.41,384
14.44,384
14.46,384
14.48,383
14.51,383
14.53,383
14.55,383
14.58,383
14.6,383
14.62,383
14.65,383
14.67,383
14.69,383
14.72,383
14.74,383
14.76,383
14.79,383
14.81,383
14.83,383
14.86,383
14.91,384
14.93,384
14.96,384
14.98,384
15,384
15.03,384
15.05,385
15.07,385
15.1,385
15.12,385
15.14,385
15.16,385
15.19,385
15.21,386
15.23,386
15.26,386
15.28,386
15.3,386
15.33,386
15.35,386
15.37,386
15.4,386
15.42,386
15.44,386
15.47,386
15.52,386
15.54,386
15.56,385
15.59,385
15.61,385
15.64,385
15.66,385
15.68,385
15.7,385
15.73,384
15.75,384
15.77,384
15.8,384
15.82,384
15.85,384
15.87,384
15.89,384
15.91,384
15.94,384
15.96,384
15.98,383
16.01,383
16.03,383
16.05,383
16.08,383
16.13,384
16.15,384
16.18,384
16.2,384
16.23,384
16.25,384
16.27,384
16.29,384
16.32,384
16.34,384
16.36,384
16.39,384
16.41,384
16.43,384
16.46,384
16.48,384
16.5,384
16.53,384
16.55,384
16.57,384
16.6,384
16.62,384
16.64,384
16.67,384
16.72,385
16.74,385
16.76,385
16.79,385
16.81,385
16.83,385
16.86,385
16.88,385
16.91,385
16.93,385
16.95,385
16.97,385
17,385
17.02,385
17.04,385
17.07,385
17.09,385
17.11,385
17.14,385
17.16,385
17.18,385
17.21,385
17.23,385
17.25,385
17.28,385
17.33,384
17.35,384
17.38,384
17.4,384
17.42,384
17.44,384
17.47,384
17.49,383
17.52,384
17.54,383
17.56,383
17.59,383
17.61,383
17.63,383
17.66,383
17.68,383
17.7,383
17.73,383
17.75,383
17.77,383
17.8,383
17.82,384
17.84,384
17.86,384
17.89,384
17.94,384
17.96,384
17.99,384
18.01,384
18.03,384
18.06,385
18.08,385
18.1,385
18.13,385
18.15,385
18.17,385
18.2,385
18.22,385
18.24,385
18.27,385
18.29,385
18.31,385
18.33,385
18.36,385
18.38,385
18.41,385
18.43,385
18.45,385
18.48,385
18.5,385
18.55,385
18.57,385
18.59,385
18.62,385
18.64,385
18.67,385
18.69,385
18.72,385
18.74,385
18.76,385
18.78,385
18.81,385
18.83,385
18.85,385
18.88,385
18.9,384
18.92,384
18.95,384
18.97,384
18.99,384
19.02,384
19.04,384
19.06,384
19.09,384
19.15,384
19.17,384
19.19,384
19.22,384
19.24,383
19.27,383
19.29,383
19.31,384
19.34,384
19.36,384
19.38,384
19.41,384
19.43,384
19.45,384
19.48,384
19.5,384
19.52,384
19.55,384
19.57,384
19.59,384
19.61,384
19.64,384
19.66,385
19.68,385
19.71,385
19.76,385
19.78,385
19.81,385
19.83,385
19.85,385
19.88,385
19.9,385
19.92,385
19.94,385
19.97,385
19.99,385
20.02,385
20.04,385
20.06,385
20.09,385
20.11,385
20.13,385
20.16,385
20.18,385
20.2,385
20.23,385
20.25,385
20.27,385
20.3,385
20.32,385
20.37,385
20.39,385
20.42,385
20.44,385
20.46,384
20.49,384
20.51,384
20.53,384
20.56,384
20.58,384
20.6,384
20.63,384
20.65,384
20.67,384
20.7,384
20.72,384
20.74,384
20.76,384
20.79,384
20.81,384
20.83,384
20.86,384
20.88,384
20.9,384
20.93,384
20.98,384
21,384
21.02,384
21.05,384
21.07,384
21.09,384
21.12,385
21.14,385
21.17,385
21.19,385
21.21,385
21.24,385
21.26,385
21.28,385
21.31,385
21.33,385
21.35,385
21.38,385
21.4,385
21.42,385
21.45,385
21.47,385
21.49,385
21.52,385
21.57,385
21.59,385
21.61,385
21.64,385
21.66,385
21.68,385
21.71,385
21.73,385
21.75,385
21.78,385
21.8,385
21.82,385
21.85,385
21.87,385
21.89,385
21.92,385
21.94,384
21.96,384
21.99,384
22.01,384
22.03,384
22.06,384
22.08,384
22.1,384
22.13,384
22.18,384
22.2,384
22.22,384
22.25,384
22.27,384
22.29,384
22.32,384
22.34,384
22.36,384
22.39,384
22.41,384
22.43,384
22.45,384
22.48,384
22.5,384
22.53,384
22.55,384
22.58,384
22.6,384
22.62,384
22.64,384
22.67,384
22.69,384
22.71,385
22.74,385
22.79,385
22.81,385
22.83,385
22.86,385
22.88,385
22.9,385
22.93,385
22.95,385
22.97,385
23,385
23.02,385
23.04,385
23.07,385
23.09,385
23.11,385
23.14,385
23.16,385
23.18,385
23.2,385
23.23,385
23.25,385
23.27,385
23.3,385
23.32,385
23.34,385
23.4,385
23.42,385
23.44,385
23.47,385
23.49,385
23.51,385
23.53,385
23.56,385
23.58,385
23.61,384
23.63,384
23.65,384
23.67,384
23.7,384
23.73,384
23.75,384
23.77,384
23.79,384
23.82,384
23.84,384
23.86,384
23.89,384
23.91,384
23.93,384
23.99,384
24.01,384
24.03,384
24.05,384
24.08,384
24.1,384
24.12,384
24.15,385
24.17,385
24.19,385
24.22,385
24.24,385
24.26,385
24.29,385
24.31,385
24.33,385
24.36,385
24.38,385
24.4,385
24.43,385
24.45,385
24.47,385
24.5,385
24.52,385
24.54,385
24.59,385
24.62,385
24.64,385
24.66,385
24.69,385
24.71,385
24.73,385
24.76,385
24.78,385
24.8,385
24.83,385
24.85,385
24.87,385
24.9,385
24.92,385
24.94,385
24.97,385
24.99,385
25.01,385
25.04,385
25.06,384
25.08,385
25.11,384
25.13,384
25.15,384
25.2,384
25.23,384
25.25,384
25.27,384
25.3,384
25.32,384
25.34,384
25.37,384
25.39,384
25.41,384
25.44,384
25.46,384
25.48,384
25.51,384
25.53,384
25.55,384
25.58,384
25.6,384
25.62,384
25.65,384
25.67,385
25.69,385
25.72,385
25.74,385
25.76,385
25.81,385
25.84,385
25.86,385
25.88,385
25.91,385
25.93,385
25.95,385
25.98,385
26,385
26.02,386
26.05,385
26.07,386
26.09,386
26.11,386
26.14,386
26.16,386
26.18,385
26.21,385
26.23,386
26.26,385
26.28,385
26.3,385
26.33,385
26.35,385
26.4,385
26.42,385
26.45,385
26.47,385
26.49,385
26.52,385
26.54,385
26.56,385
26.59,385
26.61,384
26.63,384
26.66,384
26.68,384
26.7,384
26.73,384
26.75,384
26.77,384
26.8,384
26.82,384
26.84,384
26.86,384
26.89,384
26.91,384
26.93,384
26.96,384
27.01,384
27.03,384
27.06,384
27.08,384
27.1,384
27.13,384
27.15,384
27.17,384
27.19,384
27.22,384
27.24,385
27.26,385
27.29,385
27.31,385
27.33,385
27.36,385
27.38,385
27.4,385
27.43,385
27.46,385
27.49,385
27.51,385
27.53,385
27.55,385
27.61,385
27.63,385
27.65,385
27.68,385
27.7,385
27.72,385
27.75,385
27.77,385
27.79,385
27.82,385
27.84,385
27.86,385
27.89,385
27.91,385
27.93,385
27.96,385
27.98,385
28,385
28.03,385
28.05,385
28.07,385
28.1,385
28.12,385
28.14,385
28.17,385
28.22,385
28.24,385
28.27,385
28.29,385
28.31,385
28.34,384
28.36,384
28.38,384
28.41,384
28.43,384
28.45,384
28.48,385
28.5,384
28.52,384
28.55,384
28.57,384
28.59,384
28.62,384
28.64,384
28.66,385
28.69,385
28.71,385
28.74,385
28.76,385
28.78,385
28.83,385
28.86,385
28.88,385
28.9,385
28.93,385
28.95,385
28.97,385
29,385
29.02,385
29.04,385
29.07,385
29.09,385
29.11,385
29.14,385
29.16,385
29.18,385
29.21,385
29.23,385
29.25,385
29.28,385
29.3,385
29.32,385
29.35,385
29.37,385
29.39,385
29.44,385
29.47,385
29.49,385
29.51,385
29.54,385
29.56,385
29.58,385
29.61,385
29.63,385
29.66,385
29.68,385
29.7,385
29.73,385
29.75,385
29.77,384
29.8,384
29.82,384
29.84,384
29.86,384
29.89,384
29.91,384
29.94,384
29.96,384
29.99,384
30.01,384
30.06,384
30.08,384
30.11,385
30.13,385
30.15,384
30.18,384
30.2,385
30.22,385
30.25,385
30.27,385
30.29,385
30.32,385
30.34,385
30.36,385
30.39,385
30.41,385
30.43,385
30.45,385
30.48,385
30.5,385
30.53,385
30.55,385
30.57,385
30.6,385
30.62,385
30.67,385
30.69,385
30.72,385
30.74,385
30.76,386
30.79,385
30.81,385
30.83,386
30.86,386
30.88,385
30.9,385
30.93,385
30.95,385
30.97,385
31,385
31.02,385
31.04,385
31.07,385
31.09,385
31.11,385
31.14,385
31.16,385
31.18,385
31.21,385
31.23,385
31.28,385
31.31,385
31.33,385
31.35,385
31.38,385
31.4,385
31.42,385
31.45,385
31.47,385
31.5,385
31.52,385
31.54,385
31.56,385
31.59,385
31.61,385
31.64,385
31.66,385
31.68,385
31.7,385
31.73,385
31.75,385
31.77,385
31.8,385
31.82,385
31.84,385
31.9,385
31.92,385
31.94,385
31.97,385
31.99,385
32.01,385
32.04,385
32.06,385
32.08,385
32.11,385
32.13,385
32.15,385
32.18,385
32.2,385
32.22,385
32.25,385
32.27,385
32.29,384
32.32,384
32.34,384
32.36,384
32.39,384
32.41,384
32.43,384
32.46,384
32.51,384
32.53,384
32.56,384
32.58,383
32.6,383
32.63,383
32.65,383
32.67,383
32.7,382
32.72,382
32.74,382
32.76,382
32.79,382
32.81,382
32.83,382
32.86,382
32.88,381
32.91,381
32.93,381
32.95,381
32.97,381
33,381
33.02,381
33.04,382
33.07,382
33.12,382
33.14,382
33.17,382
33.19,382
33.21,382
33.24,382
33.26,382
33.28,382
33.31,383
33.33,383
33.35,383
33.38,383
33.4,383
33.42,383
33.45,383
33.47,383
33.49,383
33.52,383
33.54,383
33.56,382
33.59,382
33.61,382
33.63,381
33.66,381
33.68,381
33.73,380
33.76,379
33.78,379
33.8,379
33.83,378
33.85,376
33.87,375
33.9,375
33.92,373
33.94,372
33.97,371
33.99,370
34.01,369
34.04,368
34.06,367
34.08,366
34.11,365
34.13,363
34.15,361
34.18,360
34.2,358
34.22,357
34.25,356
34.27,354
34.29,352
34.35,351
34.37,349
34.39,349
34.42,348
34.44,347
34.46,347
34.49,346
34.51,346
34.53,346
34.56,346
34.58,347
34.6,348
34.63,349
34.65,351
34.67,352
34.7,354
34.72,356
34.74,358
34.76,361
34.79,362
34.81,364
34.84,367
34.86,369
34.88,371
34.91,372
34.96,373
34.98,373
35,373
35.03,374
35.05,374
35.08,374
35.1,374
35.12,375
35.15,376
35.17,376
35.19,377
35.22,378
35.24,378
35.26,378
35.29,377
35.31,376
35.33,374
35.36,372
35.38,371
35.4,369
35.43,368
35.45,366
35.47,365
35.49,364
35.52,363
35.57,359
35.59,357
35.62,355
35.64,354
35.66,354
35.69,353
35.71,352
35.73,353
35.76,354
35.78,354
35.8,355
35.83,355
35.85,354
35.87,354
35.9,354
35.92,354
35.94,353
35.97,354
35.99,354
36.01,354
36.04,355
36.06,355
36.08,355
36.11,356
36.13,356
36.18,356
36.21,357
36.23,357
36.25,358
36.28,359
36.3,359
36.32,361
36.35,362
36.37,364
36.4,365
36.42,367
36.44,368
36.46,370
36.49,371
36.51,371
36.53,372
36.56,372
36.58,373
36.6,373
36.63,374
36.65,374
36.67,375
36.7,375
36.72,374
36.74,374
36.8,372
36.82,372
36.84,372
36.87,372
36.89,372
36.91,371
36.94,371
36.96,369
36.98,368
37.01,366
37.03,364
37.05,361
37.08,359
37.1,356
37.12,354
37.15,352
37.17,351
37.19,349
37.22,348
37.24,346
37.26,345
37.28,343
37.31,342
37.33,341
37.36,341
37.41,342
37.43,343
37.45,345
37.48,347
37.5,349
37.53,352
37.55,353
37.57,355
37.6,357
37.62,359
37.64,360
37.67,361
37.69,363
37.71,364
37.74,365
37.76,366
37.78,367
37.81,368
37.83,368
37.85,369
37.88,370
37.9,371
37.92,371
37.94,372
37.97,372
38.02,373
38.04,373
38.07,373
38.09,372
38.11,372
38.14,371
38.16,371
38.18,371
38.21,370
38.23,370
38.25,370
38.28,370
38.3,369
38.32,369
38.35,368
38.37,368
38.39,367
38.42,366
38.44,366
38.46,365
38.49,364
38.51,363
38.53,362
38.56,361
38.58,360
38.63,358
38.65,357
38.68,356
38.7,355
38.72,354
38.75,353
38.77,352
38.8,351
38.82,350
38.84,349
38.87,348
38.89,347
38.91,347
38.94,347
38.96,346
38.98,346
39.01,346
39.03,346
39.05,347
39.08,348
39.1,349
39.12,351
39.15,352
39.17,354
39.19,356
39.24,362
39.27,364
39.29,367
39.31,369
39.34,371
39.36,372
39.38,373
39.41,373
39.43,373
39.45,373
39.48,373
39.5,373
39.52,373
39.55,373
39.57,374
39.59,374
39.62,374
39.64,374
39.66,375
39.69,375
39.71,375
39.73,374
39.76,374
39.78,372
39.8,370
39.85,366
39.88,364
39.9,361
39.92,359
39.95,357
39.97,355
39.99,354
40.02,353
40.04,352
40.07,351
40.09,351
40.11,351
40.13,351
40.16,351
40.18,351
40.21,352
40.23,352
40.25,352
40.28,352
40.3,353
40.32,353
40.35,353
40.37,353
40.39,354
40.42,354
40.47,355
40.49,355
40.51,356
40.54,357
40.56,357
40.58,358
40.61,358
40.63,359
40.65,359
40.68,360
40.7,360
40.72,361
40.75,362
40.77,363
40.79,364
40.82,365
40.84,366
40.86,368
40.89,369
40.91,370
40.93,371
40.96,372
40.98,373
41,373
41.03,374
41.08,374
41.1,374
41.12,374
41.15,374
41.17,373
41.19,373
41.22,373
41.24,372
41.26,372
41.29,371
41.31,370
41.34,369
41.36,368
41.38,367
41.41,366
41.43,365
41.45,364
41.48,362
41.5,360
41.52,358
41.55,355
41.57,353
41.59,351
41.62,349
41.64,348
41.69,345
41.72,344
41.74,343
41.76,343
41.78,343
41.81,343
41.83,344
41.86,345
41.88,346
41.9,347
41.92,348
41.95,350
41.97,352
41.99,354
42.02,356
42.04,358
42.06,359
42.09,361
42.11,362
42.13,364
42.16,365
42.18,365
42.21,366
42.23,367
42.25,368
42.3,369
42.33,370
42.35,371
42.37,372
42.4,372
42.42,372
42.44,373
42.47,373
42.49,373
42.51,373
42.54,373
42.56,373
42.59,372
42.61,372
42.63,371
42.65,371
42.68,370
42.7,369
42.72,369
42.75,368
42.77,367
42.8,366
42.82,366
42.84,365
42.87,364
42.92,362
42.94,361
42.96,360
42.99,360
43.01,359
43.03,358
43.06,357
43.08,356
43.1,355
43.13,354
43.15,354
43.17,353
43.2,353
43.22,352
43.24,352
43.27,352
43.29,351
43.31,351
43.34,350
43.36,350
43.38,350
43.41,349
43.43,349
43.45,350
43.48,350
43.53,352
43.55,353
43.57,354
43.6,356
43.62,357
43.64,359
43.67,361
43.69,363
43.71,365
43.74,367
43.76,369
43.79,371
43.81,372
43.83,373
43.86,373
43.88,373
43.9,373
43.93,373
43.95,373
43.97,373
44,373
44.02,373
44.04,373
44.06,373
44.09,373
44.14,373
44.16,373
44.19,373
44.21,372
44.23,371
44.26,370
44.28,368
44.3,366
44.33,364
44.35,362
44.37,360
44.4,357
44.42,355
44.44,354
44.47,352
44.49,351
44.51,350
44.54,349
44.56,349
44.58,348
44.61,348
44.63,348
44.65,348
44.68,348
44.7,349
44.75,350
44.77,351
44.8,352
44.82,353
44.84,354
44.87,355
44.89,356
44.91,357
44.94,357
44.96,358
44.98,359
45.01,359
45.03,360
45.06,361
45.08,361
45.1,362
45.13,363
45.15,364
45.17,365
45.2,366
45.22,367
45.24,367
45.26,368
45.29,369
45.31,369
45.36,370
45.39,371
45.41,371
45.43,372
45.46,372
45.48,373
45.5,373
45.53,373
45.55,373
45.57,373
45.6,372
45.62,372
45.64,371
45.67,370
45.69,370
45.71,369
45.74,368
45.76,368
45.78,367
45.81,366
45.83,366
45.85,365
45.88,364
45.9,362
45.92,361
45.97,357
46,356
46.02,354
46.04,353
46.07,351
46.09,350
46.11,349
46.14,348
46.16,347
46.18,346
46.21,345
46.23,345
46.25,345
46.28,345
46.3,345
46.33,345
46.35,346
46.37,347
46.4,349
46.42,350
46.44,352
46.47,354
46.49,356
46.51,359
46.53,361
46.58,366
46.61,367
46.63,368
46.65,369
46.68,370
46.7,370
46.73,370
46.75,371
46.77,371
46.79,372
46.82,372
46.84,373
46.87,373
46.89,373
46.91,374
46.94,374
46.96,374
46.98,374
47.01,374
47.03,373
47.05,372
47.08,370
47.1,369
47.12,368
47.15,367
47.2,365
47.22,364
47.24,363
47.27,362
47.29,361
47.31,360
47.34,359
47.36,359
47.38,358
47.41,358
47.43,357
47.45,357
47.48,357
47.5,356
47.52,356
47.55,355
47.57,354
47.6,354
47.62,354
47.64,353
47.67,353
47.69,353
47.71,353
47.74,353
47.76,353
47.81,352
47.83,352
47.86,352
47.88,352
47.9,352
47.93,353
47.95,353
47.97,354
47.99,355
48.02,356
48.04,357
48.07,358
48.09,360
48.11,361
48.14,363
48.16,365
48.18,367
48.21,369
48.23,371
48.25,372
48.28,373
48.3,374
48.32,375
48.35,375
48.37,374
48.43,374
48.45,374
48.48,373
48.5,373
48.52,373
48.55,373
48.57,373
48.59,372
48.62,372
48.64,372
48.66,371
48.69,370
48.71,368
48.73,366
48.76,364
48.78,362
48.81,359
48.83,356
48.85,354
48.88,352
48.9,350
48.92,349
48.94,347
48.97,347
48.99,346
49.04,347
49.07,347
49.09,348
49.11,348
49.14,349
49.16,350
49.18,350
49.21,351
49.23,352
49.25,353
49.28,354
49.3,355
49.32,356
49.35,357
49.37,358
49.39,359
49.42,360
49.44,360
49.46,361
49.49,362
49.51,363
49.53,364
49.56,365
49.58,366
49.6,366
49.65,368
49.67,369
49.7,369
49.72,370
49.74,370
49.77,370
49.79,371
49.81,371
49.84,371
49.86,372
49.88,372
49.91,372
49.93,372
49.95,372
49.98,372
50,372
50.02,372
50.05,371
50.07,371
50.1,370
50.12,370
50.14,369
50.17,368
50.19,367
50.21,366
50.26,364
50.29,364
50.31,363
50.33,361
50.36,360
50.38,359
50.4,358
50.43,356
50.45,355
50.47,354
50.5,352
50.52,351
50.54,350
50.57,349
50.59,348
50.61,347
50.64,347
50.66,346
50.68,346
50.71,345
50.73,346
50.75,346
50.78,346
50.8,347
50.82,348
50.87,352
50.9,354
50.92,356
50.94,359
50.97,361
50.99,364
51.01,366
51.04,368
51.06,369
51.08,369
51.11,370
51.13,370
51.15,370
51.18,371
51.2,371
51.22,371
51.25,372
51.27,373
51.3,373
51.32,374
51.34,374
51.37,374
51.39,374
51.41,374
51.44,373
51.49,371
51.51,371
51.53,370
51.56,369
51.58,367
51.6,366
51.63,365
51.65,364
51.67,362
51.7,361
51.72,360
51.74,359
51.77,358
51.79,357
51.81,356
51.84,356
51.86,356
51.88,355
51.91,355
51.93,355
51.95,354
51.98,354
52,353
52.02,353
52.04,353
52.1,353
52.12,353
52.14,353
52.17,354
52.19,354
52.21,354
52.24,354
52.26,354
52.28,354
52.31,354
52.33,355
52.35,355
52.38,356
52.4,357
52.42,358
52.44,359
52.47,360
52.49,361
52.51,362
52.54,363
52.56,364
52.59,365
52.61,366
52.63,368
52.66,369
52.71,372
52.73,373
52.76,374
52.78,375
52.8,375
52.83,374
52.85,373
52.87,373
52.89,372
52.92,371
52.94,371
52.96,371
52.99,371
53.01,371
53.03,371
53.06,371
53.08,371
53.1,370
53.13,369
53.15,367
53.17,366
53.2,363
53.22,361
53.24,359
53.27,357
53.32,354
53.34,352
53.36,351
53.39,350
53.41,349
53.43,348
53.46,347
53.48,347
53.5,347
53.53,347
53.55,347
53.57,348
53.6,349
53.62,350
53.64,351
53.67,351
53.69,352
53.71,353
53.74,354
53.76,356
53.78,357
53.81,359
53.83,360
53.85,362
53.88,363
53.93,366
53.95,367
53.98,368
54,368
54.02,369
54.05,369
54.07,370
54.09,371
54.12,371
54.14,372
54.16,373
54.19,373
54.21,374
54.23,374
54.26,374
54.28,373
54.3,373
54.33,373
54.35,373
54.37,372
54.39,372
54.42,372
54.44,372
54.46,371
54.49,371
54.54,369
54.56,369
54.58,368
54.61,367
54.63,367
54.65,366
54.68,365
54.7,364
54.72,363
54.75,363
54.77,362
54.79,362
54.82,361
54.84,360
54.86,359
54.89,357
54.91,356
54.93,356
54.96,355
54.98,354
55,353
55.03,352
55.05,351
55.08,350
55.1,350
55.15,349
55.17,349
55.2,350
55.22,350
55.24,351
55.27,352
55.29,354
55.31,356
55.34,358
55.36,360
55.38,362
55.41,365
55.43,367
55.45,368
55.48,370
55.5,371
55.52,372
55.54,373
55.57,374
55.59,375
55.62,376
55.64,376
55.66,376
55.69,376
55.71,376
55.76,376
55.78,376
55.81,376
55.83,376
55.85,376
55.88,376
55.9,376
55.92,376
55.95,375
55.97,374
55.99,372
56.01,371
56.04,369
56.06,367
56.08,365
56.11,364
56.13,362
56.16,361
56.18,360
56.2,359
56.22,358
56.25,357
56.27,357
56.3,357
56.32,356
56.37,357
56.4,357
56.42,357
56.44,357
56.47,357
56.49,357
56.51,358
56.54,358
56.56,358
56.58,358
56.6,358
56.63,359
56.65,359
56.67,359
56.7,359
56.72,360
56.74,360
56.77,361
56.79,361
56.81,362
56.84,363
56.86,363
56.88,364
56.91,365
56.93,365
56.98,368
57.01,370
57.03,372
57.05,374
57.08,377
57.1,380
57.12,382
57.15,384
57.17,384
57.19,385
57.21,385
57.24,384
57.26,384
57.28,384
57.31,384
57.33,384
57.35,384
57.38,384
57.4,385
57.42,386
57.45,386
57.47,387
57.49,387
57.52,387
57.54,386
57.59,383
57.62,382
57.64,380
57.66,379
57.69,377
57.71,376
57.73,375
57.76,374
57.78,373
57.8,372
57.83,372
57.85,371
57.87,371
57.9,371
57.92,370
57.94,371
57.97,371
57.99,372
58.01,372
58.04,373
58.06,374
58.08,374
58.1,375
58.13,375
58.15,376
58.2,377
58.22,377
58.25,378
58.27,379
58.29,385
58.32,383
58.34,381
58.37,384
58.39,382
58.41,385
58.44,375
58.46,383
58.48,382
58.51,381
58.53,382
58.55,385
58.57,386
58.6,387
58.62,387
58.64,387
58.67,388
58.69,388
58.71,389
58.74,389
58.76,389
58.81,389
58.84,389
58.86,389
58.88,389
58.91,389
58.93,390
58.95,390
58.98,389
59,389
59.02,388
59.05,387
59.07,387
59.09,386
59.12,386
59.14,386
59.16,386
59.19,386
59.21,386
59.23,385
59.26,384
59.28,384
59.3,383
59.33,382
59.35,382
59.37,382
59.42,381
59.45,381
59.47,380
59.49,379
59.52,379
59.54,379
59.56,379
59.59,379
59.61,380
59.63,381
59.66,382
59.68,382
59.7,382
59.72,382
59.75,383
59.77,383
59.79,383
59.82,383
59.84,382
59.87,382
59.89,383
59.91,381
59.94,381
59.96,382
59.98,382
60.01,384
60.06,385
60.08,386
60.1,386
60.13,386
60.15,387
60.17,387
60.2,387
60.22,387
60.24,386
60.27,387
60.29,387
60.31,388
60.34,388
60.36,389
60.38,389
60.41,389
60.43,389
60.45,388
60.48,388
60.5,388
60.52,387
60.55,387
60.57,387
60.59,388
60.64,388
60.67,388
60.69,388
60.71,387
60.74,387
60.76,386
60.78,386
60.81,385
60.83,385
60.85,385
60.88,384
60.9,384
60.92,384
60.94,384
60.97,384
60.99,384
61.01,385
61.04,385
61.06,385
61.08,384
61.11,384
61.13,385
61.15,385
61.18,385
61.2,386
61.22,386
61.28,385
61.3,385
61.32,385
61.35,385
61.37,385
61.39,386
61.42,386
61.44,386
61.46,386
61.49,386
61.51,385
61.53,385
61.56,385
61.58,385
61.6,384
61.63,384
61.65,384
61.67,384
61.7,384
61.72,384
61.74,384
61.77,385
61.79,385
61.81,385
61.86,385
61.89,386
61.91,386
61.93,386
61.96,386
61.98,387
62,387
62.03,387
62.05,387
62.07,388
62.1,387
62.12,387
62.14,387
62.17,387
62.19,387
62.21,387
62.24,387
62.26,387
62.28,387
62.31,388
62.33,387
62.35,387
62.38,387
62.4,387
62.42,387
62.44,387
62.5,387
62.52,386
62.54,386
62.57,386
62.59,386
62.62,386
62.64,386
62.66,386
62.69,385
62.71,385
62.73,385
62.75,385
62.78,385
62.8,385
62.82,385
62.85,385
62.87,385
62.89,385
62.92,385
62.94,385
62.96,385
62.99,385
63.01,385
63.03,385
63.08,385
63.11,385
63.13,385
63.15,385
63.18,385
63.2,385
63.22,385
63.25,385
63.27,385
63.29,385
63.32,386
63.34,386
63.36,386
63.39,386
63.41,386
63.43,386
63.46,386
63.48,386
63.5,387
63.53,387
63.55,387
63.57,387
63.6,387
63.62,387
63.64,387
63.67,387
63.72,387
63.74,387
63.76,387
63.79,387
63.81,387
63.84,387
63.86,387
63.88,387
63.91,387
63.93,387
63.95,386
63.98,386
64,386
64.02,386
64.05,386
64.07,386
64.09,386
64.11,386
64.14,386
64.16,386
64.19,385
64.21,385
64.23,385
64.26,385
64.31,385
64.33,385
64.35,385
64.38,385
64.4,385
64.42,385
64.44,385
64.47,385
64.49,385
64.51,385
64.54,385
64.56,385
64.58,385
64.61,385
64.63,385
64.65,385
64.68,385
64.7,385
64.72,385
64.75,385
64.77,385
64.79,385
64.82,385
64.84,385
64.86,385
64.89,386
64.94,386
64.96,386
64.99,386
65.01,386
65.03,386
65.06,386
65.08,386
65.1,387
65.13,387
65.15,387
65.17,387
65.2,387
65.22,387
65.24,387
65.26,387
65.29,387
65.31,387
65.33,387
65.36,387
65.38,387
65.4,387
65.43,387
65.45,387
65.47,387
65.53,387
65.55,387
65.57,386
65.6,386
65.62,386
65.64,386
65.67,386
65.69,386
65.71,386
65.73,386
65.76,386
65.78,386
65.8,385
65.83,385
65.85,385
65.87,385
65.9,385
65.92,385
65.94,385
65.97,385
65.99,385
66.01,385
66.04,385
66.06,385
66.08,385
66.11,385
66.16,385
66.18,385
66.2,385
66.23,385
66.25,385
66.27,385
66.29,385
66.32,385
66.34,385
66.37,385
66.39,386
66.41,386
66.44,386
66.46,386
66.48,386
66.51,386
66.53,386
66.55,386
66.58,386
66.6,386
66.62,387
66.65,387
66.67,387
66.69,387
66.74,387
66.77,387
66.79,387
66.81,387
66.84,387
66.86,387
66.88,387
66.91,387
66.93,387
66.95,387
66.98,387
67,386
67.02,386
67.05,386
67.07,386
67.09,386
67.12,386
67.14,386
67.16,386
67.18,386
67.21,386
67.23,386
67.25,386
67.28,386
67.3,386
67.32,386
67.38,386
67.4,385
67.42,386
67.44,385
67.47,385
67.49,385
67.51,385
67.54,385
67.57,385
67.59,385
67.61,385
67.64,385
67.66,385
67.68,385
67.71,385
67.73,385
67.75,385
67.78,385
67.8,385
67.82,385
67.85,385
67.87,385
67.89,385
67.92,386
67.97,386
67.99,386
68.01,386
68.04,386
68.06,386
68.08,386
68.11,386
68.13,386
68.15,386
68.18,387
68.2,387
68.22,387
68.25,387
68.27,387
68.29,387
68.32,387
68.34,387
68.36,387
68.39,387
68.41,387
68.43,387
68.46,387
68.48,387
68.5,386
68.53,387
68.55,386
68.6,386
68.63,386
68.65,386
68.67,386
68.7,386
68.72,386
68.74,386
68.76,386
68.79,386
68.82,386
68.84,386
68.86,385
68.89,385
68.91,385
68.93,385
68.96,385
68.98,385
69,385
69.03,385
69.05,385
69.07,385
69.1,385
69.12,385
69.14,385
69.19,385
69.22,385
69.24,385
69.26,385
69.29,385
69.31,385
69.33,385
69.36,385
69.38,385
69.4,386
69.43,386
69.45,386
69.47,386
69.5,386
69.52,386
69.54,386
69.57,386
69.59,386
69.61,386
69.64,386
69.66,386
69.68,386
69.71,387
69.73,387
69.75,387
69.78,387
69.83,387
69.85,387
69.88,387
69.9,387
69.92,387
69.95,387
69.97,387
69.99,387
70.02,387
70.04,387
70.07,387
70.09,387
70.11,386
70.14,386
70.16,386
70.18,386
70.21,386
70.23,386
70.25,386
70.28,386
70.3,386
70.32,386
70.35,386
70.37,386
70.42,386
70.44,386
70.47,386
70.49,385
70.51,386
70.54,385
70.56,385
70.58,385
70.61,385
70.63,385
70.65,385
70.68,385
70.7,385
70.72,385
70.75,385
70.77,385
70.79,385
70.82,385
70.84,385
70.86,385
70.89,385
70.91,385
70.93,385
70.96,385
70.98,385
71,386
71.06,386
71.08,386
71.1,386
71.12,386
71.15,386
71.17,386
71.19,386
71.22,386
71.24,386
71.26,386
71.29,386
71.31,387
71.34,386
71.36,387
71.38,387
71.41,387
71.43,387
71.45,387
71.48,387
71.5,387
71.52,387
71.55,387
71.57,387
71.59,387
71.64,387
71.67,386
71.69,386
71.71,386
71.74,386
71.76,386
71.78,386
71.81,386
71.83,386
71.86,386
71.88,386
71.9,386
71.92,386
71.95,386
71.97,386
71.99,386
72.02,386
72.04,386
72.07,386
72.09,386
72.11,386
72.13,385
72.16,386
72.18,386
72.21,385
72.23,386
72.28,386
72.3,386
72.33,386
72.35,386
72.37,386
72.39,386
72.42,386
72.44,386
72.47,386
72.49,386
72.51,386
72.54,386
72.56,386
72.58,386
72.61,386
72.63,386
72.65,386
72.68,386
72.7,386
72.72,386
72.75,386
72.77,386
72.79,387
72.82,386
72.87,387
72.89,387
72.92,387
72.94,387
72.96,387
72.99,387
73.01,387
73.03,387
73.06,386
73.08,386
73.1,386
73.13,386
73.15,386
73.17,386
73.19,386
73.22,386
73.24,386
73.27,386
73.29,386
73.31,386
73.33,386
73.36,386
73.38,386
73.4,385
73.43,385
73.45,385
73.53,385
73.55,385
73.57,385
73.6,384
73.62,384
73.64,384
73.67,384
73.69,384
73.71,384
73.74,384
73.76,384
73.78,384
73.81,384
73.83,383
73.85,383
73.88,383
73.9,383
73.93,383
73.95,383
73.97,382
74,382
74.02,382
74.04,382
74.06,382
74.12,382
74.14,382
74.16,382
74.18,382
74.21,382
74.23,383
74.26,383
74.28,383
74.3,383
74.33,383
74.35,384
74.37,382
74.39,383
74.42,383
74.44,384
74.46,384
74.49,384
74.51,384
74.54,384
74.56,384
74.58,385
74.61,384
74.63,384
74.65,384
74.68,385
74.7,385
74.75,385
74.77,385
74.8,385
74.82,385
74.84,386
74.87,385
74.89,384
74.91,384
74.94,383
74.96,383
74.98,382
75.01,382
75.03,382
75.05,381
75.08,381
75.1,381
75.13,380
75.15,379
75.17,377
75.2,377
75.22,377
75.24,376
75.27,374
75.29,373
75.34,372
75.36,371
75.39,368
75.41,368
75.43,367
75.46,365
75.48,365
75.5,363
75.53,362
75.55,360
75.57,358
75.6,357
75.62,356
75.64,355
75.67,353
75.69,350
75.71,350
75.74,351
75.76,351
75.78,349
75.81,349
75.83,349
75.85,349
75.88,349
75.9,349
75.92,350
75.98,352
76.01,353
76.03,355
76.05,357
76.08,359
76.1,361
76.13,363
76.15,364
76.17,365
76.19,365
76.22,365
76.24,366
76.26,366
76.29,367
76.31,369
76.33,370
76.36,372
76.38,372
76.41,373
76.43,374
76.45,375
76.48,375
76.5,376
76.52,377
76.57,377
76.6,376
76.62,375
76.64,373
76.67,371
76.69,371
76.72,372
76.74,372
76.76,372
76.79,372
76.81,371
76.83,370
76.86,368
76.88,366
76.9,364
76.93,362
76.95,360
76.97,358
77,357
77.02,357
77.04,356
77.07,356
77.09,355
77.11,356
77.14,356
77.16,356
77.21,356
77.23,355
77.26,355
77.28,354
77.3,353
77.33,353
77.35,352
77.37,352
77.4,352
77.42,353
77.44,354
77.47,354
77.49,355
77.51,356
77.54,356
77.56,357
77.58,357
77.61,357
77.63,358
77.66,358
77.68,359
77.71,360
77.73,362
77.75,364
77.8,367
77.83,369
77.85,370
77.87,371
77.89,371
77.92,371
77.94,371
77.96,371
77.99,371
78.01,372
78.04,373
78.06,373
78.08,374
78.11,374
78.13,374
78.15,374
78.18,373
78.2,372
78.22,371
78.25,371
78.27,370
78.29,369
78.32,368
78.34,366
78.36,365
78.39,364
78.44,361
78.46,360
78.48,358
78.51,356
78.53,355
78.55,353
78.58,351
78.6,350
78.62,349
78.65,349
78.67,348
78.69,348
78.72,348
78.74,348
78.76,348
78.79,348
78.81,348
78.83,349
78.86,350
78.88,351
78.91,353
78.93,354
78.95,356
78.98,357
79.03,360
79.05,361
79.07,361
79.1,362
79.12,363
79.14,364
79.17,365
79.19,365
79.21,367
79.24,368
79.26,369
79.28,369
79.31,370
79.33,371
79.35,371
79.38,371
79.4,371
79.42,371
79.45,371
79.47,371
79.49,371
79.52,371
79.54,371
79.56,371
79.59,371
79.61,370
79.66,369
79.68,369
79.71,368
79.73,368
79.75,367
79.78,366
79.8,366
79.82,365
79.85,365
79.87,364
79.89,364
79.92,363
79.94,362
79.96,361
79.99,360
80.01,358
80.04,357
80.06,355
80.08,354
80.11,353
80.13,352
80.15,351
80.18,350
80.2,350
80.25,349
80.28,349
80.3,349
80.32,349
80.35,348
80.37,348
80.39,349
80.42,349
80.44,350
80.46,351
80.49,352
80.51,353
80.53,354
80.56,356
80.58,358
80.6,360
80.62,362
80.65,364
80.67,366
80.69,368
80.72,369
80.74,370
80.76,371
80.79,372
80.81,372
80.83,372
80.89,373
80.91,373
80.93,373
80.96,373
80.98,374
81,374
81.03,374
81.05,374
81.07,373
81.1,373
81.12,372
81.14,371
81.17,370
81.19,369
81.21,367
81.24,366
81.26,364
81.28,362
81.31,360
81.33,358
81.35,357
81.38,355
81.4,355
81.43,354
81.47,355
81.5,355
81.52,356
81.54,356
81.57,356
81.59,356
81.61,355
81.64,355
81.66,354
81.68,353
81.71,353
81.73,353
81.75,353
81.78,354
81.8,354
81.82,355
81.85,355
81.87,356
81.89,356
81.92,357
81.94,356
81.96,356
81.99,355
82.01,355
82.03,355
82.06,355
82.11,359
82.13,361
82.15,363
82.18,365
82.2,367
82.23,368
82.25,370
82.27,371
82.29,371
82.32,371
82.34,371
82.37,371
82.39,371
82.41,371
82.44,372
82.46,372
82.48,373
82.5,373
82.53,374
82.55,374
82.58,374
82.6,373
82.63,372
82.65,371
82.7,368
82.72,367
82.75,366
82.77,365
82.79,364
82.82,362
82.84,361
82.86,359
82.89,358
82.91,357
82.93,355
82.96,354
82.98,353
83,352
83.03,351
83.05,350
83.07,349
83.1,349
83.12,349
83.14,349
83.17,349
83.19,350
83.21,350
83.24,350
83.26,351
83.28,351
83.33,352
83.36,353
83.38,354
83.4,356
83.43,357
83.45,359
83.47,360
83.5,361
83.52,363
83.54,364
83.57,365
83.59,365
83.61,366
83.64,367
83.66,368
83.68,369
83.71,370
83.73,370
83.75,371
83.78,371
83.8,371
83.82,372
83.85,372
83.87,372
83.92,372
83.95,372
83.97,372
83.99,371
84.02,371
84.04,370
84.06,369
84.09,369
84.11,368
84.13,368
84.16,367
84.18,367
84.2,366
84.23,365
84.25,365
84.27,364
84.3,363
84.32,362
84.34,361
84.37,360
84.39,359
84.41,359
84.44,358
84.46,357
84.48,356
84.51,355
84.56,353
84.58,352
84.6,352
84.63,352
84.65,351
84.67,351
84.7,350
84.72,350
84.74,350
84.77,349
84.79,349
84.81,350
84.84,350
84.86,351
84.88,352
84.91,353
84.93,355
84.95,356
84.98,358
85,359
85.02,361
85.05,363
85.07,364
85.09,366
85.12,368
85.17,370
85.19,371
85.22,372
85.24,372
85.26,372
85.29,372
85.31,372
85.33,372
85.36,372
85.38,373
85.4,373
85.43,373
85.45,373
85.47,373
85.5,373
85.52,372
85.54,371
85.57,370
85.59,369
85.61,368
85.64,367
85.66,365
85.68,364
85.71,363
85.73,361
85.78,359
85.81,358
85.83,357
85.85,356
85.88,356
85.9,355
85.92,355
85.94,354
85.97,354
85.99,353
86.01,353
86.04,353
86.06,353
86.08,353
86.11,353
86.13,353
86.15,353
86.18,353
86.2,353
86.22,353
86.25,353
86.27,354
86.29,354
86.32,355
86.34,355
86.39,357
86.42,358
86.44,359
86.46,360
86.49,361
86.51,362
86.54,363
86.56,365
86.58,366
86.6,367
86.63,368
86.65,369
86.67,369
86.7,369
86.72,370
86.75,370
86.77,370
86.79,371
86.81,371
86.84,371
86.86,372
86.88,372
86.91,372
86.93,372
86.95,372
87,371
87.03,370
87.05,370
87.07,369
87.1,369
87.12,368
87.14,367
87.17,366
87.19,365
87.21,364
87.24,364
87.26,363
87.28,362
87.31,361
87.33,359
87.35,357
87.38,356
87.4,354
87.42,353
87.45,352
87.47,352
87.49,351
87.52,351
87.54,351
87.56,350
87.61,348
87.64,347
87.66,346
87.69,345
87.71,346
87.73,347
87.76,349
87.78,351
87.8,353
87.83,355
87.85,358
87.87,360
87.9,362
87.92,364
87.94,365
87.97,366
87.99,367
88.01,367
88.04,367
88.06,368
88.08,368
88.11,369
88.13,369
88.15,370
88.18,371
88.23,373
88.25,373
88.28,373
88.3,373
88.32,373
88.35,372
88.37,371
88.39,370
88.42,369
88.44,368
88.46,367
88.49,367
88.51,366
88.53,366
88.56,366
88.58,366
88.6,365
88.63,365
88.65,365
88.67,364
88.69,363
88.72,363
88.74,362
88.76,361
88.79,360
88.84,358
88.86,357
88.89,357
88.91,356
88.93,356
88.96,355
88.98,355
89,354
89.03,353
89.05,353
89.07,352
89.1,351
89.12,350
89.14,350
89.17,350
89.19,350
89.21,350
89.24,350
89.26,351
89.28,352
89.31,353
89.33,354
89.35,355
89.38,357
89.4,358
89.45,362
89.47,363
89.5,365
89.52,366
89.54,368
89.57,369
89.59,370
89.61,371
89.64,372
89.66,372
89.68,372
89.71,373
89.73,373
89.75,373
89.78,373
89.8,373
89.82,373
89.85,373
89.87,373
89.89,373
89.92,372
89.94,372
89.96,371
89.99,371
90.01,370
90.06,367
90.09,366
90.11,364
90.13,363
90.16,361
90.18,360
90.21,359
90.23,357
90.25,356
90.27,355
90.3,354
90.32,353
90.34,353
90.37,352
90.39,352
90.41,352
90.44,351
90.46,351
90.48,351
90.51,352
90.53,352
90.55,352
90.58,352
90.6,353
90.62,353
90.68,354
90.7,355
90.72,356
90.74,357
90.77,358
90.79,359
90.81,360
90.84,361
90.86,361
90.88,362
90.91,363
90.93,363
90.95,364
90.98,365
91,365
91.02,366
91.05,367
91.07,368
91.09,368
91.12,369
91.14,369
91.16,369
91.19,370
91.21,370
91.23,370
91.28,371
91.31,372
91.33,372
91.35,372
91.38,372
91.4,372
91.43,371
91.45,371
91.47,370
91.5,370
91.52,369
91.54,368
91.57,368
91.59,367
91.61,366
91.64,365
91.66,364
91.68,363
91.71,361
91.73,360
91.75,359
91.78,357
91.8,356
91.82,355
91.85,354
91.9,351
91.92,349
91.94,348
91.97,347
91.99,346
92.01,346
92.04,346
92.06,346
92.08,346
92.11,348
92.13,349
92.15,350
92.18,352
92.2,354
92.22,356
92.25,358
92.27,360
92.29,361
92.32,362
92.34,363
92.36,364
92.39,365
92.41,366
92.43,366
92.46,367
92.51,369
92.53,370
92.55,371
92.58,371
92.6,372
92.62,372
92.65,372
92.67,372
92.7,372
92.72,371
92.74,370
92.77,370
92.79,369
92.81,369
92.84,369
92.86,369
92.88,369
92.91,369
92.93,369
92.95,368
92.98,368
93,367
93.02,366
93.05,365
93.07,364
93.12,362
93.14,361
93.17,361
93.19,360
93.21,360
93.24,359
93.26,358
93.28,358
93.31,357
93.33,355
93.36,354
93.38,353
93.4,352
93.42,351
93.45,350
93.47,350
93.49,350
93.52,350
93.54,351
93.56,351
93.59,352
93.61,352
93.63,353
93.66,354
93.68,354
93.73,356
93.75,357
93.78,358
93.8,359
93.82,360
93.85,361
93.87,362
93.89,364
93.92,365
93.94,367
93.97,368
93.99,369
94.01,369
94.04,370
94.06,371
94.08,371
94.11,371
94.13,374
94.15,373
94.18,372
94.2,372
94.22,373
94.24,373
94.27,373
94.29,373
94.34,372
94.37,372
94.39,371
94.41,371
94.44,370
94.46,369
94.48,368
94.5,367
94.53,367
94.55,365
94.57,364
94.6,363
94.62,361
94.64,360
94.67,359
94.69,357
94.71,356
94.74,355
94.76,354
94.78,353
94.81,352
94.83,352
94.85,352
94.88,352
94.9,353
94.95,354
94.97,355
95,355
95.02,356
95.04,357
95.07,357
95.09,358
95.11,359
95.14,359
95.16,360
95.19,361
95.21,361
95.23,361
95.26,362
95.28,363
95.3,364
95.33,365
95.35,365
95.37,366
95.4,367
95.42,367
95.44,367
95.47,367
95.49,368
95.51,368
95.56,369
95.59,369
95.61,370
95.63,370
95.66,371
95.68,372
95.7,372
95.73,372
95.75,372
95.77,372
95.8,372
95.82,372
95.84,372
95.87,372
95.89,372
95.91,371
95.94,371
95.96,370
95.98,370
96.01,369
96.03,369
96.05,368
96.08,368
96.1,367
96.12,366
96.17,364
96.2,362
96.22,361
96.24,360
96.27,359
96.29,358
96.31,357
96.34,356
96.36,356
96.38,356
96.41,355
96.43,355
96.46,355
96.48,355
96.5,356
96.53,356
96.55,356
96.57,357
96.6,357
96.62,358
96.64,358
96.67,359
96.69,360
96.71,361
96.74,362
96.79,364
96.81,365
96.83,366
96.86,367
96.88,368
96.9,368
96.93,369
96.95,370
96.97,370
97,371
97.02,372
97.04,373
97.07,374
97.09,375
97.11,375
97.14,376
97.16,376
97.18,377
97.21,378
97.23,378
97.25,378
97.28,379
97.3,379
97.32,379
97.35,379
97.4,379
97.42,380
97.44,380
97.47,380
97.49,380
97.51,380
97.54,380
97.56,380
97.58,380
97.61,381
97.63,381
97.65,381
97.68,381
97.7,381
97.73,381
97.75,381
97.77,381
97.8,381
97.82,381
97.84,380
97.86,380
97.89,380
97.91,380
97.93,380
97.96,380
98.01,380
98.03,379
98.06,379
98.08,379
98.1,378
98.13,378
98.15,378
98.17,377
98.2,377
98.22,376
98.24,376
98.27,376
98.29,379
98.31,378
98.33,376
98.36,376
98.38,378
98.4,379
98.43,380
98.45,380
98.48,382
98.5,382
98.52,383
98.54,384
98.57,385
98.62,386
98.64,386
98.67,386
98.69,387
98.71,387
98.74,388
98.76,388
98.78,388
98.81,388
98.83,389
98.85,389
98.88,389
98.9,389
98.93,388
98.95,388
98.97,387
99,387
99.02,387
99.04,387
99.07,387
99.09,387
99.11,386
99.14,386
99.16,385
99.18,385
99.23,385
99.26,385
99.28,384
99.3,384
99.33,384
99.35,383
99.37,383
99.4,383
99.42,382
99.44,382
99.47,382
99.49,381
99.51,381
99.54,381
99.56,381
99.58,381
99.61,381
99.63,381
99.65,382
99.68,382
99.7,382
99.72,382
99.74,383
99.77,383
99.79,383
99.84,383
99.86,384
99.89,384
99.91,384
99.93,385
99.96,385
99.98,385
100,386
100.03,386
100.05,386
100.07,386
100.1,387
100.12,387
100.15,387
100.17,388
100.19,388
100.21,388
100.24,388
100.26,387
100.29,387
100.31,387
100.33,387
100.36,387
100.38,387
100.4,387
100.45,386
100.48,386
100.5,386
100.52,386
100.55,386
100.57,386
100.59,385
100.62,385
100.64,385
100.66,385
100.69,385
100.71,384
100.73,384
100.76,384
100.78,385
100.8,385
100.83,384
100.85,384
100.87,385
100.89,384
100.92,385
100.94,385
100.96,385
100.99,385
101.01,385
101.06,385
101.09,385
101.11,385
101.13,385
101.15,385
101.18,385
101.2,385
101.22,384
101.25,385
101.27,385
101.3,384
101.32,384
101.34,384
101.37,384
101.39,384
101.41,384
101.44,384
101.46,384
101.48,384
101.51,384
101.53,384
101.55,384
101.58,384
101.6,384
101.62,384
101.68,385
101.7,385
101.72,385
101.74,386
101.77,386
101.79,386
101.81,386
101.84,387
101.86,387
101.88,387
101.91,387
101.93,387
101.95,387
101.98,387
102,387
102.02,388
102.05,388
102.07,388
102.09,387
102.12,387
102.14,387
102.16,387
102.19,387
102.21,387
102.23,386
102.28,386
102.31,385
102.33,385
102.35,385
102.38,385
102.4,384
102.42,384
102.44,384
102.47,384
102.49,384
102.51,384
102.54,384
102.56,383
102.58,383
102.61,383
102.63,383
102.65,383
102.68,384
102.7,384
102.72,384
102.75,384
102.77,384
102.79,384
102.82,384
102.84,384
102.89,384
102.91,384
102.94,384
102.96,385
102.98,385
103.01,385
103.03,385
103.05,385
103.08,385
103.1,385
103.12,385
103.15,385
103.17,385
103.19,385
103.22,385
103.24,386
103.26,386
103.29,385
103.31,386
103.33,386
103.36,386
103.38,386
103.4,386
103.43,386
103.45,386
103.5,386
103.52,386
103.54,386
103.57,386
103.6,386
103.62,386
103.64,387
103.66,386
103.69,387
103.71,386
103.73,386
103.76,386
103.78,386
103.8,387
103.83,387
103.85,386
103.87,386
103.9,386
103.92,386
103.94,386
103.97,386
103.99,386
104.01,385
104.04,385
104.06,385
104.11,385
104.13,385
104.16,385
104.18,384
104.2,384
104.23,384
104.25,384
104.27,384
104.3,384
104.32,383
104.34,383
104.37,383
104.39,384
104.41,384
104.44,384
104.46,384
104.48,384
104.51,384
104.53,384
104.55,384
104.58,384
104.6,385
104.62,385
104.65,385
104.67,385
104.72,385
104.75,385
104.77,385
104.79,386
104.82,386
104.84,386
104.86,386
104.89,386
104.91,386
104.93,386
104.96,386
104.98,386
105,386
105.03,386
105.05,386
105.07,386
105.1,386
105.12,386
105.14,386
105.16,386
105.19,386
105.21,386
105.23,386
105.26,386
105.28,386
105.34,386
105.37,386
105.39,386
105.41,386
105.44,386
105.46,386
105.48,386
105.5,386
105.53,386
105.55,386
105.57,386
105.6,385
105.62,385
105.64,385
105.67,385
105.69,385
105.71,385
105.74,385
105.76,385
105.78,385
105.81,385
105.83,385
105.86,384
105.88,384
105.9,384
105.95,384
105.98,384
106,384
106.02,384
106.05,384
106.07,384
106.09,384
106.12,384
106.14,384
106.16,385
106.18,385
106.21,385
106.23,385
106.25,385
106.28,385
106.3,385
106.32,385
106.35,385
106.37,386
106.39,386
106.42,386
106.44,386
106.46,386
106.49,386
106.51,386
106.56,386
106.58,386
106.61,386
106.63,386
106.65,386
106.68,386
106.7,386
106.72,386
106.75,386
106.77,386
106.79,386
106.82,386
106.84,386
106.86,386
106.89,386
106.91,386
106.93,386
106.96,386
106.99,386
107.01,386
107.04,386
107.06,386
107.08,386
107.11,385
107.16,385
107.18,385
107.21,385
107.23,385
107.25,385
107.28,385
107.3,385
107.32,385
107.35,385
107.37,385
107.39,385
107.42,385
107.44,384
107.46,384
107.49,384
107.51,384
107.53,384
107.56,384
107.58,384
107.6,384
107.63,384
107.65,384
107.67,384
107.7,384
107.72,385
107.77,385
107.79,385
107.82,385
107.84,385
107.86,385
107.89,385
107.91,385
107.93,386
107.96,386
107.98,386
108,386
108.03,386
108.05,386
108.07,386
108.1,386
108.13,386
108.15,386
108.17,386
108.19,386
108.22,386
108.24,386
108.26,386
108.29,386
108.31,386
108.33,386
108.39,386
108.41,386
108.43,386
108.46,386
108.48,386
108.5,386
108.53,386
108.55,386
108.57,386
108.6,386
108.62,386
108.64,386
108.67,386
108.69,386
108.71,386
108.74,385
108.76,385
108.78,385
108.81,385
108.83,385
108.85,385
108.88,385
108.9,385
108.92,385
108.95,385
108.97,385
109.02,385
109.04,385
109.07,385
109.09,385
109.11,385
109.14,385
109.16,385
109.18,385
109.21,385
109.23,385
109.25,385
109.28,385
109.3,385
109.33,385
109.35,385
109.37,385
109.4,385
109.42,385
109.44,385
109.47,385
109.49,385
109.51,385
109.54,385
109.56,385
109.58,385
109.63,385
109.66,385
109.68,385
109.7,386
109.73,386
109.75,386
109.77,386
109.8,386
109.82,386
109.84,386
109.87,386
109.89,386
109.91,386
109.94,386
109.96,386
109.98,386
110.01,386
110.03,386
110.05,386
110.08,386
110.1,386
110.12,386
110.15,386
110.17,385
110.19,386
110.24,385
110.27,385
110.29,385
110.32,385
110.34,385
110.36,385
110.39,385
110.41,385
110.43,385
110.46,385
110.48,385
110.5,385
110.53,385
110.55,385
110.57,385
110.6,385
110.62,385
110.64,385
110.67,385
110.69,385
110.71,385
110.74,385
110.76,385
110.79,385
110.81,385
110.86,385
110.88,385
110.91,385
110.93,385
110.95,385
110.98,385
111,385
111.02,385
111.05,385
111.07,385
111.09,385
111.12,385
111.14,385
111.16,385
111.19,386
111.21,386
111.23,386
111.26,385
111.28,386
111.3,386
111.33,386
111.35,386
111.37,386
111.4,386
111.42,386
111.44,386
111.5,386
111.52,386
111.54,386
111.57,386
111.59,386
111.61,386
111.64,386
111.66,386
111.68,386
111.71,386
111.73,386
111.75,386
111.78,386
111.8,385
111.82,385
111.85,385
111.87,385
111.89,385
111.92,385
111.94,385
111.96,385
111.99,385
112.01,385
112.04,385
112.06,385
112.11,385
112.13,385
112.16,385
112.18,385
112.2,385
112.23,385
112.25,385
112.27,385
112.3,385
112.32,385
112.34,385
112.37,385
112.39,385
112.41,385
112.44,385
112.46,385
112.48,385
112.51,385
112.53,385
112.56,385
112.58,385
112.6,385
112.62,385
112.65,385
112.67,385
112.72,385
112.75,385
112.77,385
112.79,385
112.82,386
112.84,386
112.86,386
112.89,385
112.91,386
112.93,385
112.96,386
112.98,385
113,385
113.03,385
113.05,385
113.08,385
113.1,385
113.12,385
113.14,385
113.17,385
113.19,385
113.22,385
113.24,385
113.26,384
113.29,384
113.34,384
113.36,384
113.38,384
113.41,384
113.43,383
113.45,383
113.48,383
113.5,383
113.52,383
113.55,382
113.57,382
113.59,382
113.62,382
113.64,381
113.66,382
113.69,381
113.71,383
113.73,381
113.76,381
113.78,381
113.8,381
113.83,381
113.85,381
113.88,381
113.9,380
113.95,381
113.97,381
114,381
114.02,381
114.04,381
114.07,381
114.09,381
114.11,381
114.14,381
114.16,381
114.18,381
114.21,380
114.23,380
114.25,380
114.28,380
114.3,380
114.32,379
114.35,378
114.37,378
114.39,377
114.42,377
114.44,376
114.46,376
114.49,375
114.51,373
114.54,373
114.59,371
114.61,370
114.63,368
114.66,367
114.68,366
114.7,365
114.72,363
114.75,362
114.77,361
114.8,359
114.82,358
114.84,357
114.87,355
114.89,354
114.91,353
114.93,353
114.96,352
114.98,351
115,351
115.03,350
115.05,350
115.07,350
115.1,349
115.12,349
115.14,350
115.19,351
115.22,352
115.24,353
115.26,354
115.29,356
115.31,357
115.33,359
115.36,361
115.38,363
115.4,364
115.43,366
115.45,367
115.47,369
115.5,369
115.52,370
115.54,370
115.57,371
115.59,372
115.61,372
115.64,373
115.66,374
115.68,375
115.71,376
115.73,376
115.75,377
115.78,377
115.83,376
115.85,375
115.88,374
115.9,373
115.92,373
115.94,372
115.97,372
115.99,371
116.02,370
116.04,370
116.06,369
116.08,367
116.11,366
116.13,364
116.16,362
116.18,360
116.2,359
116.23,358
116.25,358
116.28,357
116.3,357
116.32,357
116.34,357
116.37,357
116.39,357
116.44,355
116.46,354
116.49,353
116.51,353
116.54,353
116.56,353
116.58,353
116.6,353
116.63,354
116.65,354
116.68,354
116.7,354
116.72,354
116.75,354
116.77,355
116.79,355
116.81,355
116.84,356
116.86,357
116.89,358
116.91,360
116.93,361
116.96,363
116.98,364
117,366
117.05,368
117.07,369
117.1,370
117.12,371
117.14,372
117.17,373
117.19,373
117.21,374
117.24,374
117.26,374
117.29,374
117.31,374
117.33,374
117.36,373
117.38,373
117.4,372
117.43,372
117.45,372
117.47,371
117.5,371
117.52,371
117.54,370
117.57,368
117.59,366
117.61,364
117.67,360
117.69,358
117.71,356
117.74,355
117.76,353
117.78,352
117.81,350
117.83,349
117.85,348
117.87,348
117.9,347
117.92,347
117.94,347
117.97,348
117.99,348
118.01,349
118.04,349
118.06,350
118.08,351
118.11,352
118.13,354
118.15,355
118.18,356
118.2,357
118.22,358
118.25,359
118.3,361
118.32,362
118.35,363
118.37,364
118.39,365
118.42,367
118.44,367
118.46,368
118.49,369
118.51,369
118.54,370
118.56,370
118.58,370
118.6,371
118.63,371
118.65,371
118.68,372
118.7,372
118.72,372
118.75,372
118.77,371
118.79,372
118.82,371
118.84,371
118.86,371
118.91,370
118.94,370
118.96,369
118.98,369
119.01,368
119.03,367
119.05,367
119.07,366
119.1,365
119.12,364
119.14,363
119.17,362
119.19,361
119.22,360
119.24,358
119.26,357
119.29,356
119.31,355
119.33,354
119.36,353
119.38,352
119.4,350
119.43,349
119.45,349
119.47,348
119.52,347
119.55,347
119.57,347
119.6,347
119.62,348
119.64,349
119.67,350
119.69,351
119.71,353
119.74,354
119.76,356
119.78,358
119.8,360
119.83,362
119.85,363
119.88,365
119.9,367
119.92,368
119.94,369
119.97,370
119.99,371
120.01,372
120.04,372
120.06,373
120.08,373
120.14,374
120.16,374
120.18,374
120.21,374
120.23,374
120.25,374
120.28,374
120.3,373
120.32,373
120.35,372
120.37,371
120.39,370
120.42,369
120.44,368
120.46,366
120.49,365
120.51,363
120.53,361
120.56,360
120.58,358
120.6,357
120.63,356
120.65,356
120.68,356
120.7,355
120.75,355
120.77,355
120.79,355
120.82,355
120.84,354
120.86,354
120.89,353
120.91,353
120.93,353
120.96,353
120.98,354
121,354
121.03,355
121.05,355
121.07,355
121.1,355
121.12,355
121.14,355
121.17,355
121.19,355
121.21,355
121.24,356
121.26,357
121.28,358
121.31,359
121.33,360
121.38,364
121.4,365
121.43,367
121.45,368
121.47,369
121.5,370
121.52,371
121.54,371
121.57,372
121.59,372
121.61,373
121.64,373
121.66,374
121.68,374
121.71,374
121.73,374
121.75,373
121.78,373
121.8,372
121.83,372
121.85,371
121.87,371
121.9,370
121.92,370
121.94,369
122,367
122.02,365
122.04,364
122.07,362
122.09,360
122.11,359
122.14,357
122.16,355
122.18,354
122.21,353
122.23,352
122.25,351
122.28,350
122.3,349
122.32,349
122.35,348
122.37,348
122.39,348
122.42,348
122.44,348
122.46,349
122.49,349
122.51,350
122.53,351
122.56,352
122.61,355
122.63,357
122.65,358
122.68,360
122.7,361
122.72,362
122.75,363
122.77,364
122.79,364
122.82,365
122.84,366
122.86,367
122.89,368
122.91,369
122.94,370
122.96,370
122.98,371
123.01,371
123.03,372
123.05,372
123.08,372
123.1,372
123.12,372
123.15,372
123.17,372
123.22,372
123.24,371
123.27,371
123.29,371
123.32,370
123.34,369
123.36,369
123.38,368
123.41,367
123.43,366
123.46,366
123.48,365
123.5,364
123.53,364
123.55,363
123.57,362
123.59,361
123.62,360
123.64,359
123.66,357
123.69,357
123.71,356
123.74,355
123.76,354
123.78,353
123.8,353
123.86,351
123.88,351
123.9,350
123.93,350
123.95,349
123.97,349
124,349
124.02,350
124.04,350
124.06,351
124.09,352
124.11,352
124.14,353
124.16,354
124.18,356
124.21,357
124.23,359
124.25,361
124.28,363
124.3,365
124.32,367
124.35,368
124.37,369
124.39,370
124.42,371
124.47,372
124.49,372
124.51,373
124.54,373
124.56,373
124.58,373
124.61,373
124.63,373
124.65,373
124.68,373
124.7,373
124.72,373
124.75,373
124.77,372
124.79,372
124.82,371
124.84,369
124.86,368
124.89,366
124.91,365
124.93,363
124.96,361
124.98,360
125,359
125.03,357
125.08,355
125.1,355
125.12,354
125.15,354
125.17,353
125.19,353
125.22,353
125.24,353
125.27,353
125.29,353
125.31,353
125.34,353
125.36,353
125.38,353
125.41,354
125.43,354
125.45,354
125.48,355
125.5,355
125.52,355
125.55,356
125.57,356
125.59,357
125.62,357
125.64,358
125.69,360
125.71,361
125.74,362
125.76,363
125.78,364
125.81,365
125.83,366
125.85,367
125.88,368
125.9,369
125.92,369
125.95,370
125.97,371
126,371
126.02,372
126.04,372
126.06,372
126.09,373
126.11,373
126.14,373
126.16,373
126.18,373
126.2,373
126.23,372
126.25,372
126.28,371
126.32,369
126.35,369
126.37,368
126.4,368
126.42,367
126.44,366
126.47,364
126.49,363
126.51,362
126.54,360
126.56,358
126.58,357
126.61,355
126.63,354
126.65,352
126.68,351
126.7,350
126.72,349
126.75,349
126.77,348
126.79,347
126.82,346
126.84,346
126.86,346
126.89,346
126.94,348
126.96,350
126.99,351
127.01,353
127.03,355
127.05,357
127.08,359
127.1,360
127.13,362
127.15,363
127.17,364
127.19,365
127.22,366
127.24,366
127.26,367
127.29,368
127.31,369
127.33,370
127.36,371
127.38,371
127.4,372
127.43,372
127.45,372
127.47,372
127.5,372
127.55,372
127.57,371
127.59,371
127.62,371
127.64,370
127.66,370
127.69,370
127.71,369
127.73,369
127.76,368
127.78,368
127.8,367
127.82,366
127.85,366
127.87,365
127.9,364
127.92,364
127.94,363
127.97,362
127.99,362
128.01,361
128.04,360
128.06,359
128.08,358
128.1,357
128.13,356
128.18,355
128.2,354
128.23,353
128.25,353
128.27,352
128.29,352
128.32,351
128.34,351
128.37,351
128.39,351
128.41,350
128.43,351
128.46,351
128.48,351
128.51,352
128.53,352
128.55,353
128.57,355
128.6,356
128.62,358
128.65,359
128.67,361
128.69,362
128.72,364
128.74,365
128.79,369
128.82,370
128.84,371
128.86,372
128.88,372
128.91,373
128.93,373
128.96,373
128.98,373
129,373
129.02,373
129.05,373
129.07,373
129.1,373
129.12,373
129.14,373
129.16,372
129.19,372
129.21,371
129.24,370
129.26,369
129.28,368
129.3,366
129.33,365
129.35,363
129.4,359
129.43,358
129.45,357
129.47,356
129.5,355
129.52,354
129.54,354
129.57,353
129.59,352
129.61,352
129.64,352
129.66,352
129.68,352
129.71,352
129.73,352
129.75,352
129.78,353
129.8,353
129.82,353
129.85,354
129.87,354
129.89,355
129.92,355
129.94,356
129.96,356
130.01,358
130.04,358
130.06,359
130.08,360
130.11,361
130.13,362
130.15,363
130.18,364
130.2,365
130.23,366
130.25,366
130.27,367
130.29,368
130.32,368
130.34,369
130.37,370
130.39,370
130.41,371
130.43,372
130.46,372
130.48,372
130.5,373
130.53,372
130.55,372
130.57,372
130.6,372
130.65,372
130.67,371
130.7,371
130.72,370
130.74,369
130.76,369
130.79,368
130.81,367
130.84,366
130.86,365
130.88,364
130.91,363
130.93,362
130.95,360
130.98,359
131,357
131.02,356
131.05,355
131.07,353
131.09,352
131.12,351
131.14,350
131.16,349
131.19,348
131.21,347
131.26,347
131.28,347
131.31,347
131.33,348
131.35,349
131.38,350
131.4,351
131.42,353
131.45,355
131.47,356
131.49,358
131.52,360
131.54,361
131.56,362
131.59,364
131.61,365
131.63,366
131.66,366
131.68,367
131.7,368
131.73,369
131.75,369
131.77,370
131.8,371
131.82,371
131.87,372
131.9,372
131.92,372
131.94,372
131.96,372
131.99,371
132.01,371
132.03,371
132.06,371
132.08,371
132.11,371
132.13,370
132.15,370
132.18,369
132.2,368
132.22,367
132.25,366
132.27,365
132.29,364
132.32,363
132.34,362
132.36,362
132.38,361
132.41,360
132.43,359
132.54,355
132.56,355
132.58,354
132.6,353
132.63,353
132.65,353
132.68,353
132.7,353
132.72,353
132.74,353
132.77,353
132.79,353
132.82,353
132.84,353
132.86,353
132.88,353
132.91,353
132.93,354
132.96,355
132.98,356
133,357
133.02,358
133.05,359
133.07,360
133.1,361
133.12,362
133.17,365
133.19,366
133.21,368
133.24,369
133.26,370
133.29,371
133.31,372
133.34,373
133.36,373
133.38,373
133.4,373
133.43,373
133.45,372
133.47,372
133.5,372
133.52,372
133.54,372
133.57,372
133.59,372
133.61,372
133.64,371
133.66,371
133.68,370
133.71,369
133.73,367
133.78,364
133.8,362
133.83,361
133.85,359
133.87,358
133.9,356
133.92,355
133.94,354
133.97,353
133.99,353
134.01,352
134.04,352
134.06,351
134.08,351
134.11,351
134.13,351
134.15,351
134.18,352
134.2,353
134.22,353
134.25,354
134.27,354
134.29,355
134.32,356
134.34,356
134.4,360
134.43,361
134.45,362
134.47,362
134.5,364
134.52,365
134.54,365
134.57,366
134.59,367
134.61,367
134.64,368
134.66,369
134.68,369
134.71,370
134.73,371
134.75,371
134.78,372
134.8,372
134.82,372
134.85,372
134.87,373
134.89,373
134.92,373
134.94,372
134.96,372
135.01,372
135.04,372
135.06,372
135.08,371
135.11,371
135.13,371
135.15,370
135.18,369
135.2,368
135.22,367
135.25,367
135.27,366
135.29,365
135.32,364
135.34,363
135.36,362
135.39,361
135.41,360
135.43,359
135.46,358
135.48,357
135.51,355
135.53,354
135.55,354
135.58,353
135.63,351
135.65,351
135.67,352
135.7,352
135.72,353
135.74,353
135.77,354
135.79,355
135.82,356
135.84,357
135.86,358
135.88,359
135.91,361
135.93,362
135.96,364
135.98,365
136,366
136.02,367
136.05,368
136.07,370
136.09,370
136.12,371
136.14,372
136.16,373
136.19,373
136.21,374
136.26,374
136.29,375
136.31,375
136.33,375
136.35,375
136.38,375
136.4,374
136.43,374
136.45,374
136.47,374
136.49,373
136.52,373
136.54,372
136.56,372
136.59,371
136.61,370
136.63,369
136.66,368
136.68,367
136.71,366
136.73,366
136.75,365
136.78,365
136.8,364
136.82,364
136.87,363
136.9,363
136.92,363
136.94,363
136.97,363
136.99,364
137.01,364
137.04,365
137.06,365
137.08,366
137.11,367
137.13,368
137.15,369
137.18,370
137.2,371
137.22,372
137.24,372
137.27,373
137.29,374
137.32,375
137.34,376
137.36,377
137.38,378
137.41,379
137.43,379
137.48,381
137.51,382
137.53,382
137.55,383
137.57,384
137.6,384
137.62,384
137.65,385
137.67,384
137.69,384
137.71,389
137.74,385
137.76,387
137.79,387
137.81,387
137.84,386
137.86,386
137.88,385
137.9,386
137.93,385
137.95,386
137.97,385
138,385
138.02,384
138.04,384
138.1,383
138.12,383
138.14,382
138.17,382
138.19,381
138.21,380
138.24,380
138.26,380
138.28,380
138.3,380
138.33,381
138.35,381
138.38,381
138.4,381
138.42,381
138.45,381
138.47,382
138.49,382
138.51,383
138.54,384
138.56,384
138.59,385
138.61,385
138.63,386
138.65,386
138.68,386
138.73,386
138.75,387
138.77,386
138.8,387
138.82,387
138.85,387
138.87,387
138.89,386
138.91,386
138.94,386
138.96,385
138.99,385
139.01,385
139.03,385
139.06,384
139.08,384
139.1,383
139.13,383
139.15,383
139.17,383
139.2,383
139.22,382
139.24,382
139.27,382
139.29,382
139.34,382
139.36,383
139.39,383
139.41,383
139.43,383
139.46,383
139.48,383
139.5,383
139.53,383
139.55,384
139.57,384
139.6,385
139.62,385
139.64,385
139.67,385
139.69,386
139.71,386
139.74,386
139.76,386
139.78,385
139.8,385
139.83,385
139.85,385
139.88,386
139.9,386
139.95,386
139.97,386
140,386
140.02,386
140.04,386
140.07,387
140.09,387
140.11,387
140.13,387
140.16,387
140.18,387
140.2,387
140.23,387
140.25,387
140.27,387
140.3,387
140.32,387
140.34,387
140.37,387
140.39,387
140.41,387
140.43,387
140.46,387
140.48,387
140.51,387
140.53,386
140.58,386
140.6,386
140.63,385
140.65,385
140.67,385
140.7,385
140.72,385
140.74,384
140.76,384
140.79,384
140.81,384
140.83,384
140.86,385
140.88,385
140.9,385
140.93,385
140.95,385
140.98,385
141,385
141.02,385
141.04,385
141.07,385
141.09,385
141.11,385
141.14,385
141.19,385
141.21,385
141.24,385
141.26,385
141.28,385
141.31,385
141.33,385
141.35,385
141.38,385
141.4,385
141.42,385
141.45,385
141.47,385
141.49,385
141.52,385
141.54,385
141.56,385
141.59,386
141.61,386
141.63,386
141.66,386
141.68,386
141.7,386
141.73,386
141.75,386
141.8,386
141.82,387
141.85,387
141.87,387
141.89,387
141.92,387
141.94,387
141.96,387
141.99,387
142.01,387
142.03,387
142.06,387
142.08,387
142.1,387
142.13,387
142.15,387
142.17,386
142.2,386
142.22,386
142.24,386
142.27,386
142.29,386
142.31,386
142.34,386
142.36,386
142.41,385
142.44,385
142.46,385
142.48,385
142.51,385
142.53,385
142.55,385
142.58,385
142.6,385
142.62,385
142.65,385
142.67,385
142.69,385
142.71,385
142.74,385
142.76,385
142.79,385
142.81,385
142.83,385
142.86,385
142.88,385
142.9,385
142.93,385
142.95,385
142.97,385
142.99,385
143.05,385
143.07,385
143.09,386
143.12,386
143.14,386
143.16,386
143.18,386
143.21,386
143.23,386
143.26,386
143.28,386
143.3,386
143.32,386
143.35,386
143.37,386
143.39,386
143.42,386
143.44,386
143.47,386
143.49,386
143.51,386
143.54,386
143.56,386
143.58,386
143.61,386
143.66,386
143.68,387
143.71,386
143.73,386
143.75,386
143.77,386
143.8,386
143.82,386
143.84,386
143.87,386
143.89,386
143.91,386
143.94,386
143.96,386
143.98,386
144.01,386
144.03,386
144.05,386
144.08,386
144.1,385
144.12,385
144.15,385
144.17,385
144.19,385
144.22,385
144.27,385
144.29,385
144.32,385
144.34,385
144.36,385
144.39,385
144.41,385
144.43,385
144.46,385
144.48,385
144.5,385
144.53,385
144.55,385
144.57,385
144.6,385
144.62,385
144.65,385
144.67,385
144.69,386
144.71,386
144.74,386
144.76,386
144.79,386
144.81,386
144.83,386
144.88,386
144.91,386
144.93,386
144.95,386
144.98,386
145,386
145.02,386
145.05,386
145.07,386
145.09,386
145.12,386
145.14,386
145.16,386
145.19,386
145.21,386
145.23,386
145.26,386
145.28,386
145.3,386
145.33,386
145.35,386
145.37,386
145.4,386
145.42,386
145.44,386
145.47,386
145.52,386
145.54,386
145.57,386
145.59,386
145.61,386
145.63,386
145.66,386
145.68,385
145.71,385
145.73,385
145.76,385
145.78,385
145.8,385
145.82,385
145.85,385
145.87,385
145.89,385
145.92,385
145.94,385
145.96,385
145.99,385
146.01,385
146.03,385
146.06,385
146.08,385
146.13,385
146.15,385
146.18,385
146.2,385
146.23,386
146.25,386
146.27,386
146.29,386
146.32,386
146.34,386
146.37,386
146.39,386
146.41,386
146.44,386
146.46,386
146.48,386
146.51,386
146.53,386
146.55,386
146.58,386
146.6,386
146.62,386
146.65,386
146.67,386
146.69,386
146.74,386
146.77,386
146.79,386
146.81,386
146.84,386
146.86,386
146.88,386
146.91,386
146.93,386
146.96,386
146.98,386
147,386
147.02,386
147.05,386
147.07,386
147.1,386
147.12,386
147.14,386
147.17,386
147.19,386
147.21,386
147.24,386
147.26,386
147.28,386
147.31,386
147.36,386
147.38,385
147.4,385
147.43,385
147.45,385
147.47,385
147.5,385
147.52,385
147.54,385
147.57,385
147.59,385
147.61,385
147.64,385
147.66,385
147.68,385
147.71,385
147.73,385
147.75,385
147.78,385
147.8,385
147.82,385
147.85,385
147.87,385
147.89,386
147.92,386
147.94,386
147.99,386
148.01,386
148.04,386
148.06,386
148.09,386
148.11,386
148.13,386
148.16,386
148.18,386
148.2,386
148.23,386
148.25,386
148.27,386
148.3,386
148.32,386
148.34,386
148.37,386
148.39,386
148.41,386
148.44,386
148.46,386
148.48,386
148.51,386
148.53,386
148.55,386
148.6,386
148.63,386
148.65,386
148.67,386
148.7,386
148.72,386
148.74,386
148.77,386
148.79,386
148.81,386
148.84,386
148.86,386
148.88,386
148.91,385
148.93,385
148.96,385
148.98,385
149,385
149.02,385
149.05,385
149.07,385
149.1,385
149.12,385
149.14,385
149.17,385
149.22,385
149.24,385
149.26,385
149.29,385
149.31,385
149.34,385
149.36,385
149.38,385
149.41,386
149.43,386
149.45,386
149.48,386
149.5,386
149.52,386
149.55,386
149.57,386
149.59,386
149.62,386
149.64,386
149.66,386
149.69,386
149.71,386
149.73,386
149.76,386
149.78,386
149.83,386
149.85,386
149.88,386
149.9,386
149.92,386
149.95,386
149.97,386
149.99,386
150.02,386
150.04,386
150.07,386
150.09,386
150.11,386
150.13,386
150.16,386
150.18,386
150.21,386
150.23,386
150.25,386
150.28,386
150.3,386
150.32,386
150.35,386
150.37,386
150.4,386
150.45,386
150.47,385
150.49,385
150.52,385
150.54,385
150.56,385
150.59,385
150.61,385
150.63,385
150.66,385
150.68,385
150.7,385
150.73,385
150.75,385
150.77,385
150.8,385
150.82,385
150.84,385
150.87,385
150.89,385
150.91,385
150.94,385
150.96,385
150.98,385
151.01,386
151.03,386
151.08,386
151.1,386
151.13,386
151.15,386
151.17,386
151.2,386
151.22,386
151.24,386
151.27,386
151.29,386
151.31,386
151.34,386
151.36,386
151.38,386
151.41,386
151.43,386
151.46,387
151.48,386
151.5,386
151.53,386
151.55,386
151.57,387
151.6,386
151.62,386
151.64,386
151.69,386
151.72,386
151.74,386
151.76,386
151.79,386
151.81,386
151.83,386
151.86,386
151.88,386
151.9,386
151.93,386
151.95,386
151.97,386
152,386
152.02,386
152.04,386
152.07,386
152.09,386
152.11,386
152.13,385
152.16,385
152.18,385
152.21,385
152.23,385
152.25,385
152.3,385
152.33,385
152.35,386
152.37,385
152.4,385
152.42,385
152.44,385
152.47,385
152.49,386
152.51,386
152.54,386
152.56,386
152.58,386
152.6,386
152.63,386
152.65,386
152.68,386
152.7,386
152.72,386
152.74,386
152.77,386
152.79,386
152.82,386
152.84,386
152.86,386
152.89,386
152.94,386
152.96,386
152.98,386
153.01,386
153.03,386
153.05,386
153.08,386
153.1,386
153.12,386
153.15,386
153.17,385
153.19,385
153.22,385
153.24,385
153.26,385
153.29,385
153.31,385
153.33,385
153.36,384
153.38,384
153.4,384
153.43,384
153.45,384
153.47,383
153.5,383
153.55,383
153.57,383
153.59,382
153.62,382
153.64,382
153.66,382
153.69,382
153.71,381
153.74,382
153.76,381
153.78,381
153.81,381
153.83,381
153.85,381
153.88,380
153.9,380
153.92,381
153.95,382
153.97,382
153.99,382
154.02,382
154.04,383
154.06,383
154.09,383
154.11,384
154.16,383
154.18,383
154.21,384
154.23,384
154.25,384
154.28,383
154.3,383
154.32,382
154.35,383
154.37,383
154.39,383
154.42,382
154.44,381
154.46,380
154.49,379
154.51,379
154.53,378
154.56,378
154.58,377
154.6,375
154.63,374
154.65,372
154.67,372
154.7,370
154.72,368
154.74,367
154.79,363
154.82,361
154.84,359
154.86,357
154.89,355
154.91,353
154.94,351
154.96,350
154.98,348
155.01,349
155.03,348
155.05,347
155.08,347
155.1,346
155.12,345
155.15,345
155.17,345
155.19,346
155.22,346
155.24,347
155.26,347
155.29,349
155.31,350
155.33,352
155.36,354
155.41,359
155.43,362
155.45,364
155.48,367
155.5,368
155.52,370
155.55,370
155.57,372
155.59,373
155.62,373
155.64,374
155.66,375
155.69,376
155.71,376
155.73,377
155.76,378
155.78,378
155.8,379
155.83,380
155.85,380
155.87,380
155.9,380
155.92,379
155.94,378
155.97,377
156.02,374
156.04,373
156.07,372
156.09,371
156.11,370
156.14,369
156.16,367
156.18,365
156.21,362
156.23,360
156.25,358
156.28,356
156.3,354
156.32,353
156.35,352
156.37,351
156.39,351
156.42,351
156.44,352
156.46,352
156.49,353
156.51,353
156.53,353
156.56,353
156.58,353
156.63,353
156.65,353
156.68,353
156.7,353
156.72,353
156.75,353
156.77,354
156.79,355
156.82,355
156.84,356
156.86,357
156.89,358
156.91,358
156.93,359
156.96,359
156.98,360
157,361
157.03,362
157.05,363
157.07,365
157.1,368
157.12,370
157.15,372
157.17,374
157.19,376
157.24,376
157.27,376
157.29,376
157.31,376
157.34,376
157.36,376
157.38,376
157.41,375
157.43,375
157.45,375
157.48,374
157.5,374
157.52,374
157.55,374
157.57,373
157.59,373
157.62,372
157.64,370
157.66,367
157.69,364
157.71,361
157.73,359
157.76,356
157.78,353
157.8,350
157.83,348
157.88,344
157.9,342
157.92,342
157.95,341
157.97,340
157.99,340
158.02,341
158.04,342
158.06,343
158.09,345
158.11,347
158.13,349
158.16,351
158.18,353
158.2,355
158.23,356
158.25,357
158.28,359
158.3,360
158.32,361
158.35,363
158.37,364
158.39,365
158.42,366
158.44,367
158.49,369
158.51,370
158.54,371
158.56,372
158.58,373
158.61,373
158.63,374
158.65,374
158.68,374
158.7,374
158.72,374
158.75,373
158.77,373
158.79,373
158.82,373
158.84,373
158.86,373
158.89,373
158.91,372
158.93,372
158.96,372
158.98,372
159,371
159.03,371
159.05,370
159.1,368
159.13,367
159.15,366
159.17,365
159.2,364
159.22,362
159.24,361
159.26,360
159.29,359
159.31,358
159.34,357
159.36,355
159.38,353
159.4,352
159.43,350
159.46,349
159.48,348
159.5,346
159.52,346
159.55,345
159.57,344
159.59,343
159.62,343
159.64,343
159.66,344
159.72,346
159.74,347
159.76,349
159.79,351
159.81,353
159.83,355
159.85,358
159.88,361
159.9,364
159.93,367
159.95,370
159.97,372
159.99,373
160.02,374
160.04,375
160.07,375
160.09,375
160.11,375
160.14,375
160.16,375
160.18,375
160.21,376
160.23,376
160.25,376
160.28,376
160.3,376
160.35,376
160.37,376
160.4,376
160.42,375
160.44,374
160.47,372
160.49,370
160.51,367
160.54,364
160.56,361
160.59,358
160.61,356
160.63,354
160.66,353
160.68,352
160.7,352
160.73,351
160.75,351
160.77,352
160.8,352
160.82,353
160.84,353
160.87,354
160.89,354
160.91,353
160.96,353
160.99,353
161.01,353
161.03,354
161.06,354
161.08,354
161.1,355
161.13,355
161.15,356
161.17,356
161.2,356
161.22,356
161.24,356
161.27,356
161.29,356
161.31,356
161.34,356
161.36,357
161.38,359
161.4,361
161.43,363
161.45,365
161.48,367
161.5,369
161.52,370
161.57,374
161.6,375
161.62,376
161.64,376
161.67,377
161.69,377
161.72,377
161.74,376
161.76,376
161.79,376
161.81,375
161.83,375
161.85,375
161.88,374
161.9,374
161.93,374
161.95,373
161.97,373
161.99,372
162.02,371
162.04,369
162.07,368
162.09,365
162.11,363
162.13,360
162.18,355
162.21,353
162.23,351
162.26,350
162.28,348
162.3,347
162.32,346
162.35,345
162.37,344
162.4,344
162.42,344
162.44,344
162.46,344
162.49,344
162.51,345
162.54,346
162.56,347
162.58,348
162.6,350
162.63,351
162.65,353
162.68,355
162.7,357
162.72,358
162.74,360
162.77,362
162.82,365
162.85,366
162.87,367
162.89,368
162.91,369
162.94,370
162.96,371
162.99,372
163.01,373
163.03,374
163.05,374
163.08,375
163.1,375
163.13,375
163.15,376
163.17,376
163.2,375
163.22,375
163.24,375
163.26,375
163.29,374
163.31,373
163.34,373
163.36,372
163.38,371
163.43,369
163.46,368
163.48,367
163.5,366
163.53,365
163.55,364
163.57,363
163.6,361
163.62,360
163.64,359
163.67,358
163.69,357
163.71,357
163.74,356
163.76,355
163.78,355
163.81,354
163.83,354
163.85,353
163.88,352
163.9,352
163.92,351
163.95,350
163.97,350
164,349
164.06,349
164.08,349
164.1,349
164.13,349
164.15,350
164.17,350
164.2,351
164.22,352
164.24,353
164.27,354
164.29,357
164.32,359
164.34,362
164.36,365
164.38,368
164.41,370
164.43,373
164.45,374
164.48,376
164.5,376
164.52,376
164.55,375
164.57,375
164.59,374
164.62,373
164.67,374
164.69,374
164.71,375
164.74,375
164.76,376
164.79,377
164.81,377
164.83,376
164.85,376
164.88,374
164.9,372
164.93,370
164.95,368
164.97,365
164.99,363
165.02,360
165.04,358
165.06,356
165.09,354
165.11,352
165.13,351
165.15,351
165.18,350
165.2,349
165.23,349
165.25,349
165.3,349
165.32,349
165.35,350
165.37,350
165.39,351
165.41,351
165.44,352
165.46,352
165.49,353
165.51,354
165.53,354
165.55,355
165.58,356
165.6,357
165.62,358
165.65,359
165.67,359
165.69,360
165.72,361
165.74,362
165.76,363
165.79,364
165.81,365
165.83,366
165.86,367
165.91,369
165.93,370
165.96,370
165.98,371
166,372
166.02,372
166.05,373
166.07,373
166.09,374
166.12,374
166.14,374
166.16,374
166.19,374
166.21,375
166.23,375
166.26,375
166.28,375
166.31,374
166.33,374
166.35,373
166.38,372
166.4,370
166.42,369
166.45,368
166.47,368
166.52,366
166.54,365
166.57,363
166.59,362
166.61,360
166.64,358
166.66,356
166.68,354
166.71,352
166.73,350
166.75,348
166.78,346
166.8,345
166.82,344
166.85,342
166.87,341
166.89,341
166.92,340
166.94,341
166.96,341
166.99,342
167.01,343
167.03,345
167.06,347
167.08,350
167.1,352
167.15,359
167.18,362
167.2,364
167.22,366
167.25,368
167.27,369
167.29,370
167.32,370
167.34,371
167.36,372
167.39,372
167.41,373
167.44,373
167.46,374
167.48,374
167.51,374
167.53,375
167.55,375
167.58,376
167.6,376
167.62,376
167.65,376
167.67,375
167.69,374
167.72,373
167.77,370
167.79,368
167.81,367
167.84,366
167.86,365
167.88,364
167.91,364
167.93,363
167.95,363
167.98,362
168,362
168.02,361
168.05,360
168.07,359
168.09,359
168.12,358
168.14,357
168.16,357
168.18,356
168.21,356
168.23,355
168.26,355
168.28,355
168.3,354
168.33,353
168.38,352
168.4,352
168.42,351
168.45,351
168.47,350
168.49,350
168.52,349
168.54,349
168.57,349
168.59,350
168.61,350
168.63,351
168.66,353
168.68,354
168.71,356
168.73,359
168.75,361
168.77,364
168.8,367
168.82,369
168.84,371
168.87,373
168.89,374
168.91,375
168.94,376
168.99,376
169.01,376
169.03,376
169.06,375
169.08,375
169.1,375
169.13,375
169.15,375
169.17,375
169.2,375
169.22,375
169.24,375
169.27,374
169.29,374
169.31,373
169.34,371
169.36,369
169.38,367
169.41,364
169.43,362
169.45,359
169.48,357
169.5,355
169.52,353
169.55,352
169.57,351
169.62,349
169.64,348
169.67,348
169.69,348
169.72,348
169.74,348
169.76,348
169.79,348
169.81,348
169.83,349
169.86,350
169.88,351
169.9,352
169.93,353
169.95,354
169.97,355
170,356
170.02,357
170.04,358
170.07,359
170.09,360
170.11,361
170.13,362
170.16,362
170.18,363
170.23,365
170.26,366
170.28,367
170.3,368
170.33,369
170.35,370
170.37,371
170.4,372
170.42,373
170.44,373
170.47,373
170.49,373
170.51,373
170.54,373
170.56,374
170.58,374
170.61,374
170.63,374
170.65,375
170.68,375
170.7,374
170.72,374
170.74,373
170.77,372
170.79,371
170.85,369
170.87,368
170.89,367
170.91,365
170.94,364
170.96,363
170.99,362
171.01,361
171.03,360
171.05,358
171.08,357
171.1,355
171.13,353
171.15,352
171.17,350
171.2,348
171.22,347
171.24,346
171.26,345
171.29,344
171.31,344
171.33,343
171.36,343
171.38,344
171.4,344
171.46,347
171.48,348
171.5,350
171.52,352
171.55,354
171.57,356
171.59,359
171.62,361
171.64,363
171.66,365
171.69,367
171.71,369
171.73,370
171.76,371
171.78,371
171.8,372
171.83,372
171.85,372
171.87,373
171.9,373
171.92,374
171.95,374
171.97,375
171.99,375
172.01,375
172.07,375
172.09,375
172.11,375
172.14,374
172.16,373
172.18,372
172.21,371
172.23,370
172.25,369
172.28,367
172.3,366
172.32,364
172.35,363
172.37,362
172.39,361
172.42,360
172.44,359
172.46,358
172.49,357
172.51,356
172.53,355
172.56,355
172.58,355
172.6,354
172.63,354
172.65,353
172.7,352
172.72,352
172.75,352
172.77,352
172.79,352
172.82,352
172.84,352
172.86,353
172.89,353
172.91,353
172.93,353
172.96,354
172.98,354
173,355
173.03,356
173.05,356
173.08,357
173.1,358
173.12,360
173.15,361
173.17,362
173.19,363
173.22,365
173.24,366
173.26,367
173.31,371
173.34,372
173.36,373
173.38,374
173.41,375
173.43,376
173.45,376
173.48,376
173.5,375
173.52,375
173.55,374
173.57,374
173.59,374
173.62,373
173.64,373
173.66,373
173.69,373
173.71,372
173.73,372
173.76,372
173.78,371
173.8,370
173.83,368
173.85,367
173.87,364
173.92,359
173.95,357
173.97,355
173.99,353
174.02,351
174.04,349
174.06,349
174.09,347
174.11,346
174.13,345
174.16,345
174.18,345
174.2,345
174.23,346
174.25,347
174.27,348
174.3,349
174.32,351
174.35,352
174.37,354
174.39,356
174.41,357
174.44,359
174.46,360
174.49,362
174.54,364
174.56,366
174.58,366
174.6,367
174.63,368
174.65,369
174.67,369
174.7,370
174.72,371
174.74,372
174.77,373
174.79,374
174.82,374
174.84,374
174.86,374
174.88,374
174.91,374
174.93,374
174.95,374
174.98,374
175,373
175.02,373
175.05,373
175.07,373
175.09,373
175.12,373
175.17,372
175.19,371
175.21,370
175.24,369
175.26,368
175.28,368
175.31,367
175.33,366
175.36,366
175.38,365
175.4,364
175.43,364
175.45,363
175.47,362
175.5,361
175.52,359
175.54,359
175.57,357
175.59,356
175.61,355
175.63,354
175.66,353
175.68,353
175.71,352
175.73,351
175.78,351
175.8,350
175.82,350
175.85,350
175.87,351
175.9,352
175.92,353
175.94,354
175.97,356
175.99,358
176.01,361
176.04,362
176.06,364
176.08,366
176.1,368
176.13,369
176.15,371
176.18,372
176.2,373
176.22,374
176.24,375
176.27,375
176.29,376
176.32,376
176.34,376
176.39,376
176.41,376
176.43,376
176.46,376
176.48,376
176.51,376
176.53,376
176.55,376
176.58,376
176.6,376
176.62,375
176.65,374
176.67,373
176.69,371
176.72,370
176.74,368
176.76,367
176.79,366
176.81,365
176.83,365
176.86,365
176.88,364
176.9,365
176.93,367
176.95,367
177,369
177.02,367
177.05,372
177.07,371
177.09,373
177.12,375
177.14,376
177.16,377
177.19,377
177.21,378
177.23,379
177.26,379
177.28,380
177.3,380
177.33,381
177.35,382
177.37,383
177.4,383
177.42,384
177.44,386
177.46,384
177.49,385
177.51,394
177.54,391
177.56,385
177.58,387
177.63,386
177.65,386
177.68,387
177.7,386
177.72,386
177.75,386
177.77,386
177.79,386
177.82,386
177.84,386
177.86,385
177.89,385
177.91,385
177.93,385
177.96,386
177.98,386
178,386
178.02,386
178.05,386
178.07,385
178.1,385
178.12,385
178.14,385
178.16,385
178.19,384
178.24,383
178.26,383
178.29,383
178.31,383
178.33,383
178.35,383
178.38,383
178.4,383
178.42,383
178.45,383
178.47,383
178.49,382
178.52,383
178.54,383
178.56,383
178.59,383
178.61,383
178.63,383
178.66,383
178.68,384
178.7,384
178.73,384
178.75,384
178.77,385
178.8,385
178.85,386
178.87,386
178.9,387
178.92,387
178.94,387
178.97,387
178.99,387
179.01,387
179.04,387
179.06,387
179.08,387
179.1,387
179.13,387
179.15,387
179.18,387
179.2,386
179.22,386
179.25,386
179.27,386
179.29,386
179.32,386
179.34,385
179.36,385
179.38,385
179.41,384
179.43,384
179.48,384
179.51,383
179.53,383
179.55,383
179.57,383
179.6,383
179.62,383
179.65,383
179.67,383
179.69,383
179.72,384
179.74,384
179.76,384
179.79,384
179.81,384
179.83,384
179.85,384
179.88,384
179.91,385
179.94,385
179.96,385
179.98,385
180.01,385
180.03,385
180.08,386
180.1,386
180.13,386
180.15,386
180.17,385
180.2,385
180.22,385
180.24,385
180.27,385
180.29,385
180.32,385
180.34,385
180.36,385
180.38,385
180.41,385
180.43,385
180.46,385
180.48,385
180.5,385
180.53,385
180.55,385
180.57,385
180.6,385
180.62,385
180.64,385
180.69,386
180.72,386
180.74,386
180.76,386
180.79,386
180.81,386
180.84,386
180.86,386
180.88,386
180.9,386
180.93,386
180.95,386
180.98,386
181,385
181.02,385
181.05,385
181.07,385
181.1,385
181.12,385
181.14,385
181.17,385
181.19,384
181.21,384
181.24,384
181.26,384
181.31,384
181.33,384
181.36,384
181.38,384
181.4,384
181.43,384
181.45,384
181.47,384
181.5,384
181.52,384
181.54,384
181.57,384
181.59,384
181.61,384
181.64,384
181.66,384
181.68,384
181.71,385
181.73,385
181.75,385
181.78,385
181.8,385
181.82,385
181.85,385
181.87,386
181.92,386
181.95,386
181.97,386
181.99,386
182.02,386
182.04,386
182.06,386
182.09,386
182.11,386
182.13,386
182.16,386
182.18,386
182.21,386
182.23,385
182.25,385
182.28,385
182.3,385
182.32,385
182.35,385
182.37,385
182.39,385
182.42,385
182.44,385
182.46,385
182.49,385
182.54,385
182.56,385
182.58,385
182.61,385
182.63,385
182.65,385
182.68,384
182.7,384
182.73,384
182.75,385
182.77,385
182.79,385
182.82,384
182.84,385
182.87,384
182.89,385
182.91,385
182.93,385
182.96,385
182.98,385
183.01,385
183.03,385
183.05,385
183.07,385
183.1,385
183.15,385
183.17,385
183.2,385
183.22,385
183.24,385
183.27,385
183.29,385
183.31,385
183.34,385
183.36,385
183.39,385
183.41,385
183.43,385
183.46,385
183.48,385
183.5,385
183.53,385
183.55,385
183.57,385
183.6,385
183.62,385
183.64,385
183.67,385
183.69,386
183.71,386
183.77,386
183.79,385
183.81,386
183.84,386
183.86,385
183.88,386
183.91,385
183.93,385
183.95,385
183.98,385
184,385
184.02,385
184.04,385
184.07,385
184.09,385
184.12,385
184.14,385
184.16,385
184.18,384
184.21,384
184.23,384
184.26,384
184.28,384
184.3,384
184.33,384
184.38,384
184.4,384
184.42,384
184.45,384
184.47,384
184.5,384
184.52,384
184.54,384
184.57,384
184.59,385
184.61,385
184.64,385
184.66,385
184.68,385
184.71,385
184.73,385
184.75,385
184.78,385
184.8,385
184.82,385
184.85,385
184.87,385
184.9,385
184.92,385
184.94,385
184.99,386
185.02,385
185.04,386
185.06,386
185.09,386
185.11,386
185.13,386
185.16,386
185.18,386
185.2,386
185.23,386
185.25,386
185.27,386
185.3,386
185.32,386
185.34,385
185.37,385
185.39,385
185.41,385
185.44,385
185.46,385
185.48,385
185.51,385
185.53,385
185.55,385
185.6,385
185.63,385
185.65,385
185.68,385
185.7,385
185.72,385
185.75,385
185.77,385
185.79,385
185.82,385
185.84,385
185.87,385
185.89,385
185.91,385
185.93,385
185.96,385
185.98,384
186.01,385
186.03,385
186.05,384
186.08,385
186.1,385
186.12,385
186.15,385
186.17,385
186.22,385
186.24,385
186.27,385
186.29,385
186.31,385
186.34,385
186.36,385
186.38,385
186.41,385
186.43,385
186.46,385
186.48,385
186.5,385
186.52,385
186.55,385
186.57,385
186.6,385
186.62,385
186.64,385
186.66,385
186.69,385
186.71,385
186.74,385
186.76,386
186.78,386
186.84,385
186.86,385
186.88,385
186.91,385
186.93,385
186.95,385
186.98,385
187,385
187.02,385
187.05,385
187.07,385
187.09,385
187.12,385
187.14,385
187.16,385
187.19,385
187.21,385
187.23,385
187.26,385
187.28,385
187.3,385
187.33,385
187.35,385
187.37,385
187.4,385
187.45,385
187.47,385
187.49,385
187.52,385
187.54,385
187.56,385
187.59,385
187.61,385
187.63,385
187.66,385
187.68,385
187.7,385
187.73,385
187.75,385
187.77,385
187.8,385
187.82,385
187.85,385
187.87,385
187.89,385
187.92,385
187.94,385
187.96,385
187.99,385
188.01,385
188.06,385
188.09,385
188.11,385
188.13,385
188.16,385
188.18,385
188.2,385
188.23,385
188.25,385
188.27,385
188.3,385
188.32,385
188.34,385
188.37,385
188.39,385
188.41,385
188.44,385
188.46,385
188.48,385
188.51,385
188.53,385
188.55,385
188.58,385
188.6,385
188.62,385
188.67,385
188.7,385
188.72,385
188.74,385
188.77,385
188.79,385
188.81,385
188.84,385
188.86,385
188.88,385
188.91,385
188.93,385
188.95,385
188.98,385
189,384
189.02,385
189.05,385
189.07,385
189.1,385
189.12,385
189.14,385
189.17,385
189.19,385
189.21,385
189.24,385
189.29,385
189.31,385
189.33,385
189.36,385
189.38,385
189.4,385
189.43,385
189.45,385
189.47,385
189.5,385
189.52,385
189.54,385
189.57,385
189.59,386
189.62,386
189.64,386
189.66,386
189.68,386
189.71,386
189.73,386
189.76,386
189.78,386
189.8,386
189.83,386
189.85,386
189.9,386
189.92,385
189.95,385
189.97,385
189.99,385
190.02,385
190.04,385
190.06,385
190.09,385
190.11,385
190.13,385
190.16,385
190.18,385
190.2,385
190.23,385
190.25,385
190.27,385
190.3,385
190.32,385
190.34,385
190.37,385
190.39,385
190.41,385
190.44,385
190.46,385
190.51,385
190.53,385
190.56,385
190.58,385
190.6,385
190.63,385
190.65,385
190.67,385
190.7,385
190.72,385
190.74,385
190.77,385
190.79,385
190.81,385
190.84,385
190.86,385
190.88,385
190.91,385
190.93,385
190.95,385
190.98,385
191,385
191.02,385
191.05,385
191.07,385
191.12,385
191.14,385
191.17,385
191.19,385
191.21,385
191.24,385
191.26,385
191.29,385
191.31,385
191.33,385
191.36,385
191.38,386
191.4,385
191.43,385
191.45,385
191.47,385
191.5,385
191.52,385
191.54,385
191.57,385
191.59,385
191.61,385
191.64,385
191.66,385
191.68,385
191.74,385
191.76,385
191.78,385
191.8,385
191.83,385
191.85,385
191.88,385
191.9,385
191.92,385
191.95,385
191.97,385
191.99,385
192.02,385
192.04,385
192.06,385
192.09,385
192.11,385
192.13,385
192.16,385
192.18,385
192.2,385
192.23,385
192.25,385
192.27,385
192.3,385
192.4,385
192.42,385
192.45,385
192.47,385
192.49,385
192.52,385
192.54,385
192.57,385
192.59,385
192.61,385
192.64,385
192.66,385
192.68,385
192.71,385
192.73,385
192.75,385
192.78,385
192.8,385
192.82,385
192.85,385
192.87,385
192.89,385
192.92,385
192.94,385
192.96,385
193.03,385
193.05,385
193.07,385
193.1,385
193.12,385
193.14,385
193.17,385
193.19,385
193.21,385
193.24,385
193.26,385
193.28,384
193.31,384
193.33,384
193.35,384
193.38,384
193.4,384
193.42,384
193.45,384
193.47,384
193.49,384
193.52,384
193.54,384
193.56,383
193.59,383
193.64,383
193.66,383
193.69,383
193.71,383
193.73,382
193.76,382
193.78,382
193.8,382
193.83,382
193.85,382
193.87,382
193.9,382
193.92,382
193.94,382
193.97,381
193.99,381
194.01,382
194.04,382
194.06,382
194.08,382
194.11,382
194.13,382
194.15,381
194.18,382
194.2,382
194.25,382
194.27,382
194.3,383
194.32,383
194.34,382
194.37,381
194.39,381
194.41,382
194.44,381
194.46,381
194.49,380
194.51,380
194.53,379
194.55,379
194.58,379
194.6,377
194.63,376
194.65,375
194.67,375
194.7,374
194.72,373
194.74,371
194.76,371
194.79,370
194.81,368
194.87,365
194.89,364
194.91,363
194.93,361
194.96,359
194.98,358
195.01,357
195.03,355
195.05,354
195.08,353
195.1,352
195.12,351
195.15,351
195.17,351
195.19,350
195.22,349
195.24,349
195.26,348
195.29,349
195.31,349
195.33,349
195.36,350
195.38,351
195.4,352
195.43,353
195.48,357
195.5,359
195.52,361
195.55,363
195.57,365
195.59,367
195.62,368
195.64,370
195.66,371
195.69,371
195.71,372
195.73,372
195.76,373
195.78,373
195.8,374
195.83,374
195.85,375
195.87,375
195.9,376
195.92,377
195.95,377
195.97,377
195.99,378
196.02,377
196.04,377
196.09,375
196.11,373
196.14,372
196.16,371
196.18,369
196.21,369
196.23,368
196.25,367
196.28,366
196.3,364
196.32,363
196.35,361
196.37,359
196.4,358
196.42,357
196.44,356
196.46,355
196.49,355
196.51,355
196.54,355
196.56,355
196.58,355
196.6,355
196.63,354
196.65,354
196.7,353
196.73,353
196.75,353
196.77,354
196.8,354
196.82,354
196.84,354
196.87,355
196.89,355
196.91,355
196.94,356
196.96,356
196.98,357
197.01,358
197.03,358
197.05,359
197.08,361
197.1,362
197.13,364
197.15,365
197.17,367
197.2,368
197.22,370
197.24,371
197.27,372
197.32,373
197.34,373
197.36,374
197.39,374
197.41,374
197.43,374
197.46,375
197.48,375
197.5,374
197.53,374
197.55,374
197.57,373
197.6,373
197.62,372
197.64,372
197.67,372
197.69,371
197.71,370
197.74,368
197.76,367
197.78,365
197.81,362
197.83,360
197.85,358
197.88,356
197.93,352
197.95,351
197.98,349
198,348
198.02,347
198.04,346
198.07,346
198.09,346
198.12,346
198.14,347
198.16,347
198.18,347
198.21,348
198.24,349
198.26,350
198.28,352
198.3,354
198.33,355
198.35,357
198.38,358
198.4,359
198.42,360
198.45,361
198.47,363
198.49,364
198.54,366
198.57,367
198.59,368
198.61,369
198.63,369
198.66,370
198.68,371
198.71,371
198.73,372
198.75,372
198.77,372
198.8,373
198.82,373
198.85,373
198.87,373
198.89,373
198.92,373
198.94,372
198.96,372
198.99,372
199.01,371
199.03,371
199.06,371
199.08,370
199.1,370
199.15,369
199.18,368
199.2,367
199.22,366
199.25,365
199.27,364
199.29,363
199.32,362
199.34,362
199.36,361
199.39,359
199.41,359
199.44,357
199.46,356
199.48,355
199.51,354
199.53,353
199.55,352
199.58,350
199.6,349
199.62,349
199.65,348
199.67,347
199.69,347
199.72,347
199.77,347
199.79,348
199.81,348
199.84,349
199.86,351
199.88,352
199.91,354
199.93,356
199.95,358
199.98,360
200,362
200.02,365
200.05,367
200.07,368
200.09,370
200.12,371
200.14,372
200.16,373
200.19,373
200.21,374
200.23,374
200.26,374
200.28,374
200.3,374
200.33,374
200.38,375
200.4,375
200.43,375
200.45,375
200.47,375
200.5,374
200.52,373
200.54,372
200.57,370
200.59,369
200.62,367
200.64,365
200.66,363
200.68,362
200.71,360
200.73,358
200.76,357
200.78,356
200.8,355
200.82,354
200.85,354
200.87,354
200.9,354
200.92,354
200.94,354
200.99,354
201.02,354
201.04,354
201.06,354
201.09,354
201.11,354
201.13,354
201.15,354
201.18,354
201.2,355
201.23,355
201.25,356
201.27,356
201.29,356
201.32,356
201.34,357
201.37,357
201.39,357
201.41,358
201.43,358
201.46,359
201.48,360
201.5,361
201.53,362
201.55,364
201.6,367
201.63,369
201.65,370
201.68,371
201.7,372
201.72,373
201.75,373
201.77,374
201.79,374
201.82,374
201.84,374
201.86,374
201.89,374
201.91,374
201.93,373
201.96,373
201.98,373
202,373
202.02,372
202.05,372
202.07,371
202.1,370
202.12,369
202.14,368
202.17,367
202.22,363
202.24,361
202.26,360
202.29,358
202.31,356
202.33,354
202.36,352
202.38,351
202.4,350
202.43,349
202.45,348
202.47,347
202.5,347
202.52,347
202.54,347
202.57,347
202.59,347
202.61,347
202.64,348
202.66,349
202.68,350
202.71,351
202.73,353
202.76,354
202.78,356
202.83,360
202.85,361
202.87,362
202.9,363
202.92,364
202.94,365
202.97,366
202.99,367
203.01,367
203.04,368
203.06,369
203.08,370
203.11,371
203.13,372
203.15,372
203.18,373
203.2,373
203.22,373
203.25,373
203.27,373
203.29,373
203.32,373
203.34,373
203.36,373
203.39,372
203.44,372
203.46,371
203.49,371
203.51,370
203.53,369
203.55,368
203.58,367
203.6,366
203.63,365
203.65,365
203.67,364
203.7,363
203.72,362
203.74,361
203.76,360
203.79,359
203.81,358
203.84,357
203.86,356
203.88,356
203.9,355
203.93,354
203.95,353
203.98,353
204,352
204.05,351
204.08,350
204.1,350
204.12,349
204.15,349
204.17,349
204.19,350
204.21,350
204.24,351
204.26,352
204.29,353
204.31,354
204.33,355
204.35,356
204.38,358
204.4,359
204.43,361
204.45,363
204.47,366
204.49,368
204.52,369
204.54,371
204.57,371
204.59,372
204.61,373
204.66,373
204.69,373
204.71,373
204.73,373
204.76,373
204.78,374
204.8,374
204.82,374
204.85,374
204.87,374
204.9,374
204.92,374
204.94,373
204.96,372
204.99,371
205.01,370
205.04,368
205.06,367
205.08,365
205.11,363
205.13,361
205.15,359
205.18,358
205.2,357
205.22,356
205.27,353
205.3,353
205.32,352
205.34,352
205.37,352
205.39,351
205.41,351
205.44,351
205.46,352
205.48,352
205.51,352
205.53,353
205.55,353
205.58,354
205.6,354
205.62,354
205.65,355
205.67,356
205.69,356
205.72,357
205.74,358
205.76,358
205.79,359
205.81,360
205.83,360
205.88,362
205.91,363
205.93,364
205.95,365
205.98,366
206,367
206.02,368
206.05,369
206.07,370
206.09,370
206.12,371
206.14,372
206.16,372
206.19,372
206.21,373
206.24,373
206.26,373
206.28,373
206.3,373
206.33,373
206.35,373
206.38,373
206.4,372
206.42,372
206.45,371
206.5,370
206.52,369
206.54,368
206.57,368
206.59,367
206.61,366
206.64,364
206.66,363
206.68,362
206.71,360
206.73,359
206.75,357
206.78,355
206.8,354
206.82,352
206.85,351
206.87,350
206.89,349
206.92,348
206.94,348
206.96,347
206.99,346
207.01,346
207.03,346
207.05,346
207.11,347
207.13,348
207.15,350
207.18,352
207.2,354
207.22,355
207.25,358
207.27,360
207.29,362
207.32,363
207.34,365
207.37,366
207.39,367
207.41,368
207.44,369
207.46,369
207.48,370
207.51,371
207.53,371
207.55,372
207.58,373
207.6,373
207.62,373
207.65,374
207.67,374
207.72,374
207.74,373
207.77,373
207.79,372
207.81,372
207.84,371
207.86,370
207.88,369
207.91,369
207.93,368
207.95,367
207.98,366
208,365
208.02,364
208.05,364
208.07,363
208.09,362
208.12,362
208.14,361
208.16,361
208.19,360
208.21,359
208.23,358
208.26,358
208.28,357
208.33,356
208.35,355
208.38,355
208.4,354
208.42,354
208.45,353
208.47,353
208.5,352
208.52,352
208.54,352
208.57,351
208.59,351
208.61,351
208.63,351
208.66,351
208.68,352
208.71,352
208.73,353
208.75,355
208.78,356
208.8,357
208.82,359
208.85,361
208.87,362
208.89,364
208.94,368
208.97,370
208.99,371
209.01,372
209.04,373
209.06,374
209.08,374
209.1,374
209.13,374
209.15,374
209.18,374
209.2,374
209.22,374
209.25,374
209.27,374
209.29,374
209.32,374
209.34,373
209.36,373
209.38,373
209.41,372
209.43,370
209.46,369
209.48,367
209.5,365
209.55,361
209.57,359
209.6,357
209.62,356
209.65,354
209.67,353
209.69,352
209.72,351
209.74,351
209.76,350
209.79,350
209.81,350
209.84,350
209.86,350
209.88,351
209.9,351
209.93,352
209.95,352
209.98,353
210,354
210.02,354
210.04,355
210.07,355
210.09,356
210.12,357
210.17,359
210.19,359
210.21,360
210.24,361
210.26,362
210.28,363
210.31,364
210.33,364
210.35,365
210.38,366
210.4,367
210.42,367
210.45,368
210.47,368
210.49,369
210.51,370
210.54,370
210.56,371
210.59,372
210.61,372
210.63,372
210.65,373
210.68,373
210.7,373
210.72,373
210.78,372
210.8,372
210.82,372
210.85,371
210.87,371
210.89,370
210.92,370
210.94,369
210.96,368
210.99,367
211.01,367
211.03,365
211.06,364
211.08,363
211.1,362
211.13,360
211.15,359
211.17,358
211.2,356
211.22,355
211.24,353
211.27,352
211.29,351
211.31,350
211.34,348
211.39,347
211.41,346
211.43,346
211.46,346
211.48,347
211.5,347
211.53,348
211.55,349
211.57,350
211.6,352
211.62,353
211.64,355
211.67,358
211.69,360
211.71,362
211.74,363
211.76,365
211.78,366
211.81,367
211.83,368
211.85,368
211.88,369
211.9,369
211.92,370
211.95,371
212,372
212.02,373
212.04,373
212.07,374
212.09,374
212.12,374
212.14,373
212.16,373
212.18,372
212.21,372
212.23,371
212.25,371
212.28,371
212.3,370
212.32,369
212.35,369
212.37,368
212.39,367
212.42,365
212.44,364
212.46,363
212.49,362
212.51,361
212.53,361
212.56,360
212.61,359
212.63,358
212.65,357
212.68,357
212.7,356
212.72,355
212.75,354
212.77,354
212.79,353
212.82,353
212.84,353
212.86,353
212.89,353
212.91,353
212.93,353
212.96,353
212.98,353
213,353
213.03,353
213.05,353
213.08,354
213.1,354
213.12,355
213.15,356
213.17,357
213.22,359
213.24,360
213.27,361
213.29,362
213.31,364
213.34,365
213.36,366
213.38,367
213.41,369
213.43,370
213.45,371
213.48,371
213.5,371