496.02,
496.04,
496.06,
496.08,
496.11,
496.13,
496.18,
496.2,
496.23,
496.25,
496.27,
496.3,
496.32,
496.35,
496.37,
496.39,
496.41,
496.44,
496.46,
496.48,
496.51,
496.53,
496.55,
496.58,
496.6,
496.62,
496.65,
496.67,
496.69,
496.71,
496.74,
496.79,
496.81,
496.83,
496.86,
496.88,
496.9,
496.93,
496.95,
496.97,
497.0,
497.02,
497.04,
497.07,
497.09,
497.11,
497.14,
497.16,
497.18,
497.21,
497.23,
497.25,
497.28,
497.3,
497.32,
497.35,
497.4,
497.42,
497.44,
497.47,361.45
497.49,361.4166666666667
497.51,361.3833333333333
497.54,361.35
497.56,361.31666666666666
497.58,361.3
497.61,361.3
497.63,361.3
497.65,361.3
497.68,361.31666666666666
497.7,361.35
497.72,361.3833333333333
497.74,361.4166666666667
497.77,361.45
497.79,361.46666666666664
497.82,361.48333333333335
497.84,361.5
497.86,361.5
497.89,361.5
497.91,361.5
497.93,361.48333333333335
497.96,361.48333333333335
498.01,361.5
498.03,361.53333333333336
498.06,361.55
498.08,361.56666666666666
498.1,361.6
498.13,361.6
498.15,361.6
498.17,361.5833333333333
498.2,361.56666666666666
498.22,361.55
498.24,361.51666666666665
498.27,361.48333333333335
498.29,361.45
498.31,361.4166666666667
498.33,361.4
498.36,361.3833333333333
498.38,361.3666666666667
498.4,361.3666666666667
498.43,361.35
498.45,361.35
498.47,361.35
498.5,361.3333333333333
498.52,361.31666666666666
498.54,361.31666666666666
498.57,361.31666666666666
498.62,361.31666666666666
498.64,361.3333333333333
498.66,361.35
498.69,361.3666666666667
498.71,361.4
498.73,361.43333333333334
498.76,361.46666666666664
498.78,361.5
498.8,361.51666666666665
498.83,361.53333333333336
498.85,361.55
498.87,361.56666666666666
498.89,361.5833333333333
498.92,361.5833333333333
498.94,361.5833333333333
498.97,361.5833333333333
498.99,361.5833333333333
499.01,361.5833333333333
499.04,361.56666666666666
499.06,361.55
499.08,361.53333333333336
499.11,361.5
499.13,361.45
499.15,361.4
499.18,361.35
499.28,361.35
499.3,361.35
499.33,361.3666666666667
499.35,361.4
499.37,361.43333333333334
499.4,361.48333333333335
499.42,361.53333333333336
499.44,361.5833333333333
499.47,361.6333333333333
499.49,361.68333333333334
499.51,361.7
499.54,361.71666666666664
499.56,361.73333333333335
499.58,361.75
499.61,361.76666666666665
499.63,361.8
499.65,361.8333333333333
499.68,361.8666666666667
499.7,361.9166666666667
499.72,361.95
499.74,361.98333333333335
499.77,362.01666666666665
499.79,362.03333333333336
499.82,362.03333333333336
499.84,362.01666666666665
499.89,361.98333333333335
499.91,361.95
499.94,361.9166666666667
499.96,361.8833333333333
499.98,361.8333333333333
500.01,361.76666666666665
500.03,361.7
500.05,361.6333333333333
500.08,361.53333333333336
500.1,361.43333333333334
500.12,361.3333333333333
500.15,361.23333333333335
500.17,361.15
500.2,361.0833333333333
500.22,361.03333333333336
500.24,360.98333333333335
500.26,360.95
500.29,360.93333333333334
500.31,360.93333333333334
500.33,360.95
500.36,360.98333333333335
500.38,361.03333333333336
500.4,361.0833333333333
500.43,361.15
500.45,361.21666666666664
500.5,361.3
500.52,361.3666666666667
500.55,361.43333333333334
500.57,361.51666666666665
500.59,361.5833333333333
500.62,361.65
500.64,361.71666666666664
500.66,361.76666666666665
500.69,361.81666666666666
500.71,361.8666666666667
500.73,361.85
500.76,361.8333333333333
500.78,361.8
500.8,361.75
500.83,361.68333333333334
500.85,361.6166666666667
500.87,361.55
500.9,361.48333333333335
500.92,361.43333333333334
500.94,361.3833333333333
500.97,361.35
500.99,361.31666666666666
501.01,361.3
501.04,361.3
501.06,361.3
501.11,361.31666666666666
501.13,361.3333333333333
501.16,361.3333333333333
501.18,361.31666666666666
501.2,361.31666666666666
501.23,361.3
501.25,361.28333333333336
501.27,361.28333333333336
501.3,361.3
501.32,361.3333333333333
501.35,361.3666666666667
501.37,361.4166666666667
501.39,361.45
501.41,361.48333333333335
501.44,361.51666666666665
501.46,361.56666666666666
501.48,361.6166666666667
501.51,361.65
501.53,361.7
501.55,361.73333333333335
501.58,361.76666666666665
501.6,361.78333333333336
501.62,361.78333333333336
501.65,361.76666666666665
501.67,361.73333333333335
501.72,361.68333333333334
501.74,361.6333333333333
501.77,361.56666666666666
501.79,361.5
501.81,361.43333333333334
501.84,361.3666666666667
501.86,361.31666666666666
501.88,361.26666666666665
501.91,361.23333333333335
501.93,361.21666666666664
501.95,361.2
501.98,361.18333333333334
502.0,361.18333333333334
502.02,361.18333333333334
502.04,361.2
502.07,361.2
502.09,361.21666666666664
502.11,361.23333333333335
502.14,361.25
502.16,361.26666666666665
502.18,361.3
502.21,361.31666666666666
502.23,361.35
502.25,361.3833333333333
502.28,361.43333333333334
502.33,361.48333333333335
502.35,361.53333333333336
502.37,361.56666666666666
502.4,361.6
502.42,361.6166666666667
502.45,361.6333333333333
502.47,361.6333333333333
502.49,361.6166666666667
502.52,361.6
502.54,361.56666666666666
502.56,361.51666666666665
502.58,361.48333333333335
502.61,361.46666666666664
502.63,361.45
502.65,361.43333333333334
502.68,361.43333333333334
502.7,361.43333333333334
502.72,361.4166666666667
502.75,361.4
502.77,361.3666666666667
502.79,361.35
502.82,361.31666666666666
502.84,361.3
502.86,361.3
502.89,361.3
502.94,361.28333333333336
502.96,361.26666666666665
502.98,361.26666666666665
503.01,361.26666666666665
503.03,361.28333333333336
503.05,361.3
503.08,361.3333333333333
503.1,361.3666666666667
503.12,361.4
503.15,361.43333333333334
503.17,361.5
503.19,361.55
503.22,361.6166666666667
503.24,361.6666666666667
503.26,361.71666666666664
503.29,361.76666666666665
503.31,361.78333333333336
503.33,361.8
503.36,361.8
503.38,361.78333333333336
503.4,361.75
503.42,361.71666666666664
503.45,361.68333333333334
503.47,361.6333333333333
503.49,361.56666666666666
503.54,361.53333333333336
503.57,361.5
503.59,361.46666666666664
503.62,361.43333333333334
503.64,361.4
503.66,361.3666666666667
503.69,361.35
503.71,361.3333333333333
503.73,361.31666666666666
503.76,361.3
503.78,361.28333333333336
503.8,361.26666666666665
503.83,361.26666666666665
503.85,361.26666666666665
503.87,361.28333333333336
503.9,361.3
503.92,361.31666666666666
503.94,361.35
503.96,361.3666666666667
503.99,361.3833333333333
504.01,361.4166666666667
504.04,361.43333333333334
504.06,361.45
504.08,361.46666666666664
504.1,361.46666666666664
504.16,361.46666666666664
504.18,361.46666666666664
504.2,361.46666666666664
504.23,361.46666666666664
504.25,361.46666666666664
504.27,361.46666666666664
504.3,361.46666666666664
504.32,361.45
504.34,361.4166666666667
504.36,361.3833333333333
504.39,361.3666666666667
504.41,361.35
504.43,361.3333333333333
504.46,361.31666666666666
504.48,361.3
504.5,361.28333333333336
504.53,361.26666666666665
504.55,361.25
504.57,361.25
504.6,361.25
504.62,361.25
504.64,361.25
504.67,361.25
504.69,361.26666666666665
504.71,361.28333333333336
504.77,361.3
504.79,361.3333333333333
504.81,361.3666666666667
504.83,361.4
504.86,361.43333333333334
504.88,361.46666666666664
504.9,361.51666666666665
504.93,361.55
504.95,361.5833333333333
504.97,361.6333333333333
505.0,361.65
505.02,361.65
505.04,361.6666666666667
505.07,361.6666666666667
505.09,361.6666666666667
505.11,361.65
505.14,361.6333333333333
505.16,361.6166666666667
505.18,361.6
505.2,361.56666666666666
505.23,361.53333333333336
505.25,361.5
505.27,361.46666666666664
505.3,361.43333333333334
505.32,361.4
505.37,361.3833333333333
505.39,361.3833333333333
505.42,361.3833333333333
505.44,361.3833333333333
505.46,361.3833333333333
505.49,361.3666666666667
505.51,361.35
505.53,361.3333333333333
505.56,361.31666666666666
505.58,361.31666666666666
505.6,361.31666666666666
505.63,361.31666666666666
505.65,361.3333333333333
505.67,361.3333333333333
505.7,361.35
505.72,361.3666666666667
505.74,361.3833333333333
505.77,361.4
505.79,361.43333333333334
505.82,361.46666666666664
505.84,361.5
505.86,361.53333333333336
505.89,361.55
505.91,361.56666666666666
505.93,361.5833333333333
505.98,361.5833333333333
506.01,361.5833333333333
506.03,361.5833333333333
506.05,361.5833333333333
506.08,361.5833333333333
506.1,361.56666666666666
506.12,361.56666666666666
506.14,361.55
506.17,361.53333333333336
506.19,361.51666666666665
506.21,361.5
506.24,361.48333333333335
506.26,361.46666666666664
506.28,361.45
506.31,361.43333333333334
506.33,361.4166666666667
506.35,361.3833333333333
506.38,361.35
506.4,361.31666666666666
506.42,361.28333333333336
506.45,361.25
506.47,361.23333333333335
506.49,361.2
506.52,361.18333333333334
506.54,361.1666666666667
506.59,361.18333333333334
506.61,361.2
506.64,361.21666666666664
506.66,361.25
506.68,361.3
506.7,361.35
506.73,361.4
506.75,361.45
506.77,361.5
506.8,361.53333333333336
506.82,361.55
506.85,361.55
506.87,361.53333333333336
506.89,361.53333333333336
506.91,361.53333333333336
506.94,361.53333333333336
506.96,361.53333333333336
506.99,361.53333333333336
507.01,361.53333333333336
507.03,361.53333333333336
507.06,361.53333333333336
507.08,361.53333333333336
507.1,361.51666666666665
507.13,361.51666666666665
507.15,361.5
507.2,361.46666666666664
507.22,361.43333333333334
507.24,361.4
507.27,361.35
507.29,361.3
507.32,361.25
507.34,361.21666666666664
507.36,361.2
507.38,361.18333333333334
507.41,361.18333333333334
507.43,361.21666666666664
507.45,361.25
507.48,361.28333333333336
507.5,361.31666666666666
507.52,361.3666666666667
507.55,361.4166666666667
507.57,361.46666666666664
507.59,361.51666666666665
507.62,361.56666666666666
507.64,361.6
507.66,361.6333333333333
507.69,361.6666666666667
507.71,361.68333333333334
507.73,361.7
507.76,361.71666666666664
507.81,361.73333333333335
507.83,361.75
507.85,361.76666666666665
507.88,361.76666666666665
507.9,361.75
507.92,361.73333333333335
507.95,361.71666666666664
507.97,361.7
507.99,361.6666666666667
508.02,361.6333333333333
508.04,361.5833333333333
508.06,361.53333333333336
508.09,361.48333333333335
508.11,361.43333333333334
508.13,361.3833333333333
508.16,361.35
508.18,361.31666666666666
508.2,361.3
508.23,361.28333333333336
508.25,361.28333333333336
508.27,361.26666666666665
508.3,361.26666666666665
508.32,361.28333333333336
508.34,361.28333333333336
508.36,361.28333333333336
508.42,361.28333333333336
508.44,361.3
508.46,361.31666666666666
508.48,361.3333333333333
508.51,361.35
508.53,361.3666666666667
508.55,361.3833333333333
508.58,361.4
508.6,361.4166666666667
508.62,361.45
508.65,361.48333333333335
508.67,361.51666666666665
508.69,361.55
508.72,361.5833333333333
508.74,361.6166666666667
508.76,361.6333333333333
508.79,361.6333333333333
508.81,361.6333333333333
508.83,361.6333333333333
508.86,361.6166666666667
508.88,361.5833333333333
508.9,361.55
508.93,361.53333333333336
508.95,361.5
508.97,361.46666666666664
509.02,361.43333333333334
509.05,361.3833333333333
509.07,361.35
509.09,361.31666666666666
509.12,361.3
509.14,361.28333333333336
509.16,361.26666666666665
509.19,361.26666666666665
509.21,361.26666666666665
509.23,361.26666666666665
509.25,361.26666666666665
509.28,361.26666666666665
509.3,361.28333333333336
509.32,361.31666666666666
509.35,361.35
509.37,361.4
509.39,361.43333333333334
509.42,361.48333333333335
509.44,361.53333333333336
509.46,361.5833333333333
509.49,361.6166666666667
509.51,361.65
509.53,361.68333333333334
509.55,361.68333333333334
509.58,361.68333333333334
509.63,361.68333333333334
509.65,361.68333333333334
509.68,361.6666666666667
509.7,361.65
509.72,361.6166666666667
509.75,361.6
509.77,361.56666666666666
509.79,361.53333333333336
509.81,361.5
509.84,361.48333333333335
509.86,361.46666666666664
509.88,361.43333333333334
509.91,361.4
509.93,361.3833333333333
509.95,361.3666666666667
509.98,361.35
510.0,361.3333333333333
510.02,361.3333333333333
510.05,361.3333333333333
510.07,361.3333333333333
510.09,361.3333333333333
510.11,361.35
510.14,361.3666666666667
510.16,361.3833333333333
510.18,361.4166666666667
510.21,361.46666666666664
510.26,361.5
510.28,361.53333333333336
510.3,361.56666666666666
510.33,361.6166666666667
510.36,361.65
510.38,361.7
510.4,361.73333333333335
510.42,361.76666666666665
510.45,361.78333333333336
510.47,361.8
510.49,361.81666666666666
510.52,361.8333333333333
510.54,361.8333333333333
510.56,361.81666666666666
510.59,361.8
510.61,361.76666666666665
510.63,361.73333333333335
510.66,361.7
510.68,361.65
510.7,361.6166666666667
510.73,361.5833333333333
510.75,361.53333333333336
510.77,361.48333333333335
510.8,361.43333333333334
510.86,361.4
510.88,361.3833333333333
510.9,361.3666666666667
510.93,361.3666666666667
510.95,361.3666666666667
510.97,361.4
511.0,361.43333333333334
511.02,361.46666666666664
511.04,361.53333333333336
511.07,361.6
511.09,361.6333333333333
511.11,361.6666666666667
511.14,361.7
511.16,361.71666666666664
511.18,361.75
511.21,361.76666666666665
511.23,361.78333333333336
511.25,361.78333333333336
511.28,361.8
511.3,361.8
511.32,361.8
511.35,361.81666666666666
511.37,361.8333333333333
511.39,361.8333333333333
511.42,361.8333333333333
511.44,361.81666666666666
511.49,361.78333333333336
511.52,361.75
511.55,361.7
511.57,361.6333333333333
511.59,361.5833333333333
511.62,361.53333333333336
511.64,361.48333333333335
511.66,361.45
511.69,361.4
511.71,361.3666666666667
511.73,361.35
511.76,361.35
511.78,361.35
511.8,361.3333333333333
511.83,361.35
511.85,361.35
511.87,361.35
511.9,361.3666666666667
511.92,361.3833333333333
511.94,361.4166666666667
511.97,361.45
511.99,361.48333333333335
512.01,361.51666666666665
512.06,361.55
512.09,361.5833333333333
512.11,361.6166666666667
512.13,361.6333333333333
512.16,361.65
512.18,361.6666666666667
512.2,361.6666666666667
512.23,361.6666666666667
512.25,361.6666666666667
512.27,361.6666666666667
512.3,361.6666666666667
512.32,361.65
512.34,361.6333333333333
512.37,361.6166666666667
512.39,361.6
512.41,361.5833333333333
512.44,361.55
512.46,361.51666666666665
512.48,361.5
512.51,361.46666666666664
512.53,361.43333333333334
512.55,361.4166666666667
512.58,361.4
512.6,361.3833333333333
512.63,361.3833333333333
512.68,361.3833333333333
512.7,361.3833333333333
512.72,361.4
512.75,361.4166666666667
512.77,361.43333333333334
512.79,361.45
512.82,361.46666666666664
512.84,361.46666666666664
512.86,361.46666666666664
512.89,361.46666666666664
512.91,361.46666666666664
512.93,361.48333333333335
512.96,361.5
512.98,361.51666666666665
513.0,361.53333333333336
513.03,361.56666666666666
513.05,361.5833333333333
513.07,361.6
513.09,361.6166666666667
513.12,361.6166666666667
513.14,361.6333333333333
513.16,361.6333333333333
513.19,361.6333333333333
513.21,361.6166666666667
513.23,361.6166666666667
513.29,361.6
513.31,361.56666666666666
513.33,361.53333333333336
513.35,361.51666666666665
513.38,361.48333333333335
513.4,361.45
513.43,361.4166666666667
513.45,361.3833333333333
513.47,361.35
513.5,361.31666666666666
513.52,361.3
513.54,361.26666666666665
513.57,361.25
513.59,361.25
513.61,361.23333333333335
513.64,361.23333333333335
513.66,361.23333333333335
513.68,361.25
513.7,361.26666666666665
513.73,361.28333333333336
513.75,361.31666666666666
513.78,361.35
513.8,361.3833333333333
513.82,361.4166666666667
513.85,361.45
513.9,361.5
513.92,361.53333333333336
513.95,361.56666666666666
513.97,361.5833333333333
513.99,361.6
514.02,361.6166666666667
514.04,361.6166666666667
514.06,361.6166666666667
514.09,361.6166666666667
514.11,361.6166666666667
514.13,361.6
514.16,361.6
514.18,361.5833333333333
514.2,361.56666666666666
514.23,361.55
514.25,361.53333333333336
514.27,361.51666666666665
514.29,361.5
514.32,361.48333333333335
514.34,361.46666666666664
514.36,361.45
514.39,361.43333333333334
514.41,361.43333333333334
514.43,361.43333333333334
514.46,361.43333333333334
514.51,361.43333333333334
514.53,361.43333333333334
514.55,361.43333333333334
514.58,361.43333333333334
514.6,361.45
514.63,361.45
514.65,361.45
514.67,361.46666666666664
514.7,361.48333333333335
514.72,361.48333333333335
514.74,361.5
514.77,361.53333333333336
514.79,361.56666666666666
514.81,361.5833333333333
514.84,361.6
514.86,361.6166666666667
514.88,361.6333333333333
514.91,361.65
514.93,361.65
514.95,361.65
514.98,361.65
515.0,361.65
515.02,361.65
515.05,361.6333333333333
515.07,361.6333333333333
515.12,361.6333333333333
515.15,361.6333333333333
515.17,361.6166666666667
515.19,361.6
515.22,361.6
515.24,361.5833333333333
515.26,361.56666666666666
515.28,361.55
515.31,361.53333333333336
515.33,361.51666666666665
515.35,361.48333333333335
515.38,361.48333333333335
515.4,361.48333333333335
515.42,361.48333333333335
515.45,361.48333333333335
515.47,361.48333333333335
515.49,361.5
515.52,361.51666666666665
515.54,361.51666666666665
515.56,361.51666666666665
515.59,361.51666666666665
515.61,361.51666666666665
515.64,361.51666666666665
515.66,361.53333333333336
515.68,361.53333333333336
515.73,361.55
515.76,361.56666666666666
515.78,361.5833333333333
515.8,361.6
515.83,361.6166666666667
515.85,361.6166666666667
515.87,361.6166666666667
515.9,361.6
515.92,361.5833333333333
515.94,361.5833333333333
515.96,361.56666666666666
515.99,361.56666666666666
516.01,361.55
516.03,361.55
516.06,361.53333333333336
516.08,361.53333333333336
516.11,361.53333333333336
516.13,361.51666666666665
516.15,361.5
516.18,361.48333333333335
516.2,361.48333333333335
516.22,361.46666666666664
516.25,361.45
516.27,361.43333333333334
516.29,361.43333333333334
516.34,361.43333333333334
516.37,361.4166666666667
516.39,361.4166666666667
516.41,361.4166666666667
516.44,361.43333333333334
516.46,361.43333333333334
516.49,361.43333333333334
516.51,361.43333333333334
516.53,361.45
516.55,361.45
516.58,361.45
516.6,361.46666666666664
516.63,361.48333333333335
516.65,361.51666666666665
516.67,361.53333333333336
516.7,361.56666666666666
516.72,361.6
516.74,361.6166666666667
516.77,361.6333333333333
516.79,361.65
516.81,361.65
516.84,361.6333333333333
516.86,361.6166666666667
516.88,361.5833333333333
516.91,361.55
516.96,361.53333333333336
516.98,361.51666666666665
517.0,361.5
517.03,361.5
517.05,361.48333333333335
517.07,361.48333333333335
517.1,361.46666666666664
517.12,361.46666666666664
517.14,361.45
517.17,361.43333333333334
517.19,361.4166666666667
517.22,361.4
517.24,361.3833333333333
517.26,361.3833333333333
517.28,361.3833333333333
517.31,361.4
517.33,361.4166666666667
517.35,361.45
517.38,361.48333333333335
517.4,361.5
517.43,361.53333333333336
517.45,361.56666666666666
517.47,361.6
517.49,361.6166666666667
517.52,361.6333333333333
517.57,361.6333333333333
517.59,361.6333333333333
517.62,361.6333333333333
517.64,361.6333333333333
517.66,361.6333333333333
517.69,361.6166666666667
517.71,361.6
517.73,361.5833333333333
517.76,361.56666666666666
517.78,361.53333333333336
517.8,361.5
517.83,361.45
517.85,361.4
517.87,361.35
517.9,361.28333333333336
517.92,361.23333333333335
517.94,361.2
517.97,361.1666666666667
517.99,361.1333333333333
518.01,361.1333333333333
518.04,361.1333333333333
518.06,361.1333333333333
518.08,361.15
518.11,361.1666666666667
518.13,361.2
518.18,361.23333333333335
518.2,361.26666666666665
518.23,361.3
518.25,361.3333333333333
518.27,361.3666666666667
518.3,361.4166666666667
518.32,361.45
518.34,361.48333333333335
518.37,361.53333333333336
518.39,361.5833333333333
518.42,361.6
518.44,361.6166666666667
518.46,361.6166666666667
518.49,361.6166666666667
518.51,361.6166666666667
518.53,361.6
518.55,361.6
518.58,361.5833333333333
518.6,361.56666666666666
518.63,361.55
518.65,361.53333333333336
518.67,361.51666666666665
518.69,361.5
518.72,361.46666666666664
518.74,361.43333333333334
518.79,361.4166666666667
518.82,361.4
518.84,361.3833333333333
518.86,361.3666666666667
518.89,361.35
518.91,361.3333333333333
518.93,361.31666666666666
518.96,361.3
518.98,361.3
519.0,361.3
519.03,361.31666666666666
519.05,361.3333333333333
519.07,361.35
519.09,361.3833333333333
519.12,361.4166666666667
519.14,361.45
519.16,361.48333333333335
519.19,361.51666666666665
519.21,361.56666666666666
519.23,361.6166666666667
519.26,361.65
519.28,361.71666666666664
519.3,361.75
519.33,361.78333333333336
519.35,361.81666666666666
519.4,361.8333333333333
519.42,361.8333333333333
519.45,361.8333333333333
519.47,361.8333333333333
519.5,361.81666666666666
519.52,361.8
519.54,361.78333333333336
519.57,361.75
519.59,361.71666666666664
519.61,361.68333333333334
519.64,361.6333333333333
519.66,361.5833333333333
519.68,361.55
519.71,361.51666666666665
519.73,361.48333333333335
519.75,361.45
519.78,361.43333333333334
519.8,361.4166666666667
519.82,361.4
519.85,361.3833333333333
519.87,361.3833333333333
519.89,361.3833333333333
519.92,361.3833333333333
519.94,361.3833333333333
519.96,361.4
520.01,361.43333333333334
520.04,361.45
520.06,361.48333333333335
520.09,361.51666666666665
520.11,361.55
520.13,361.56666666666666
520.16,361.5833333333333
520.18,361.6
520.2,361.6166666666667
520.22,361.6333333333333
520.25,361.6333333333333
520.27,361.6166666666667
520.29,361.6
520.32,361.5833333333333
520.34,361.5833333333333
520.36,361.56666666666666
520.39,361.55
520.41,361.53333333333336
520.43,361.51666666666665
520.46,361.5
520.48,361.48333333333335
520.5,361.46666666666664
520.53,361.45
520.55,361.4166666666667
520.57,361.4
520.63,361.3666666666667
520.65,361.3333333333333
520.67,361.3
520.7,361.26666666666665
520.72,361.23333333333335
520.74,361.21666666666664
520.77,361.18333333333334
520.79,361.18333333333334
520.81,361.18333333333334
520.84,361.2
520.86,361.23333333333335
520.88,361.26666666666665
520.91,361.3
520.93,361.3333333333333
520.95,361.3833333333333
520.98,361.43333333333334
521.0,361.46666666666664
521.02,361.5
521.05,361.53333333333336
521.07,361.55
521.09,361.56666666666666
521.11,361.5833333333333
521.14,361.5833333333333
521.16,361.5833333333333
521.19,361.5833333333333
521.24,361.5833333333333
521.26,361.5833333333333
521.28,361.5833333333333
521.31,361.56666666666666
521.33,361.55
521.35,361.53333333333336
521.38,361.51666666666665
521.4,361.5
521.42,361.48333333333335
521.45,361.46666666666664
521.47,361.43333333333334
521.49,361.4166666666667
521.52,361.4
521.54,361.3833333333333
521.56,361.3833333333333
521.59,361.3833333333333
521.61,361.3833333333333
521.63,361.4
521.66,361.4
521.68,361.4166666666667
521.7,361.43333333333334
521.72,361.46666666666664
521.75,361.5
521.77,361.51666666666665
521.79,361.53333333333336
521.84,361.55
521.87,361.55
521.89,361.56666666666666
521.91,361.56666666666666
521.94,361.5833333333333
521.96,361.5833333333333
521.98,361.5833333333333
522.01,361.5833333333333
522.03,361.5833333333333
522.05,361.56666666666666
522.08,361.56666666666666
522.1,361.56666666666666
522.12,361.56666666666666
522.15,361.55
522.17,361.51666666666665
522.19,361.48333333333335
522.22,361.46666666666664
522.24,361.43333333333334
522.26,361.4166666666667
522.28,361.4
522.31,361.3833333333333
522.33,361.3833333333333
522.35,361.3833333333333
522.38,361.3833333333333
522.4,361.3666666666667
522.42,361.3666666666667
522.48,361.3833333333333
522.5,361.4
522.52,361.4
522.55,361.4166666666667
522.57,361.45
522.59,361.46666666666664
522.61,361.5
522.64,361.53333333333336
522.66,361.55
522.69,361.56666666666666
522.71,361.56666666666666
522.73,361.56666666666666
522.76,361.5833333333333
522.78,361.5833333333333
522.8,361.5833333333333
522.83,361.56666666666666
522.85,361.56666666666666
522.88,361.56666666666666
522.9,361.55
522.92,361.55
522.95,361.55
522.97,361.53333333333336
522.99,361.53333333333336
523.02,361.51666666666665
523.07,361.51666666666665
523.09,361.51666666666665
523.11,361.51666666666665
523.14,361.53333333333336
523.16,361.53333333333336
523.18,361.53333333333336
523.21,361.53333333333336
523.23,361.53333333333336
523.25,361.55
523.28,361.55
523.3,361.56666666666666
523.32,361.5833333333333
523.34,361.6
523.37,361.6333333333333
523.39,361.65
523.41,361.68333333333334
523.44,361.71666666666664
523.46,361.75
523.48,361.8
523.51,361.85
523.53,361.9
523.55,361.95
523.58,362.0
523.6,362.05
523.62,362.1166666666667
523.65,362.2
523.7,362.25
523.72,362.31666666666666
523.75,362.3833333333333
523.77,362.43333333333334
523.79,362.48333333333335
523.82,362.53333333333336
523.84,362.5833333333333
523.86,362.6333333333333
523.89,362.68333333333334
523.91,362.71666666666664
523.93,362.73333333333335
523.96,362.75
523.98,362.78333333333336
524.0,362.8
524.03,362.8
524.05,362.8
524.08,362.8
524.1,362.78333333333336
524.12,362.78333333333336
524.14,362.78333333333336
524.17,362.78333333333336
524.19,362.76666666666665
524.22,362.78333333333336
524.24,362.76666666666665
524.29,362.78333333333336
524.31,362.81666666666666
524.34,362.8333333333333
524.36,362.85
524.38,362.8833333333333
524.41,362.9166666666667
524.43,362.93333333333334
524.45,362.96666666666664
524.47,362.98333333333335
524.5,363.01666666666665
524.52,363.03333333333336
524.54,363.06666666666666
524.57,363.0833333333333
524.59,363.0833333333333
524.61,363.1
524.64,363.1166666666667
524.66,363.1333333333333
524.68,363.15
524.71,363.15
524.73,363.18333333333334
524.75,363.21666666666664
524.78,363.25
524.8,363.28333333333336
524.82,363.3
524.85,363.3333333333333
524.87,363.3666666666667
524.92,363.3833333333333
524.94,363.4
524.97,363.4
524.99,363.4
525.02,363.4166666666667
525.04,363.43333333333334
525.06,363.43333333333334
525.08,363.46666666666664
525.11,363.5
525.13,363.51666666666665
525.16,363.56666666666666
525.18,363.6166666666667
525.2,363.65
525.23,363.71666666666664
525.25,363.78333333333336
525.27,363.8333333333333
525.3,363.8833333333333
525.32,363.93333333333334
525.34,363.98333333333335
525.37,364.05
525.39,364.1166666666667
525.41,364.18333333333334
525.44,364.23333333333335
525.46,364.28333333333336
525.51,364.35
525.53,364.4166666666667
525.56,364.46666666666664
525.58,364.51666666666665
525.6,364.56666666666666
525.63,364.6
525.65,364.6333333333333
525.67,364.68333333333334
525.7,364.68333333333334
525.72,364.73333333333335
525.74,364.73333333333335
525.77,364.71666666666664
525.79,364.71666666666664
525.81,364.7
525.84,364.68333333333334
525.86,364.65
525.88,364.6333333333333
525.91,364.6166666666667
525.93,364.6166666666667
525.95,364.6166666666667
525.97,364.6333333333333
526.0,364.65
526.02,364.68333333333334
526.04,364.75
526.07,364.8
526.09,364.96666666666664
526.14,365.01666666666665
526.17,365.1
526.19,365.26666666666665
526.21,365.43333333333334
526.23,365.53333333333336
526.26,365.7
526.28,365.8666666666667
526.31,366.05
526.33,366.23333333333335
526.35,366.4166666666667
526.38,366.6333333333333
526.4,366.8666666666667
526.42,367.1333333333333
526.45,367.43333333333334
526.47,367.71666666666664
526.49,367.9166666666667
526.52,368.4
526.54,368.8333333333333
526.57,369.01666666666665
526.59,369.45
526.61,370.01666666666665
526.64,370.3333333333333
526.66,370.7
526.68,371.1333333333333
526.73,371.53333333333336
526.76,371.95
526.78,372.3833333333333
526.8,372.81666666666666
526.83,373.23333333333335
526.85,373.65
526.87,374.0833333333333
526.9,374.46666666666664
526.92,374.85
526.94,375.28333333333336
526.97,375.71666666666664
526.99,376.18333333333334
527.01,376.6166666666667
527.03,377.05
527.06,377.53333333333336
527.08,378.0
527.1,378.43333333333334
527.13,378.8333333333333
527.15,379.23333333333335
527.17,379.65
527.2,380.03333333333336
527.22,380.43333333333334
527.24,380.81666666666666
527.27,381.2
527.29,381.5833333333333
527.31,381.96666666666664
527.37,382.35
527.39,382.71666666666664
527.41,383.0833333333333
527.44,383.43333333333334
527.46,383.76666666666665
527.48,384.0833333333333
527.51,384.3833333333333
527.53,384.68333333333334
527.55,384.98333333333335
527.58,385.1666666666667
527.6,385.48333333333335
527.62,385.75
527.65,385.9
527.67,386.01666666666665
527.69,386.26666666666665
527.72,386.53333333333336
527.74,386.75
527.76,386.98333333333335
527.79,387.21666666666664
527.81,387.46666666666664
527.83,387.7
527.86,387.96666666666664
527.88,388.21666666666664
527.9,388.45
527.95,388.6666666666667
527.98,388.95
528.0,389.0
528.02,389.1
528.05,389.46666666666664
528.07,389.6
528.09,389.6
528.12,389.8666666666667
528.14,390.1166666666667
528.16,390.28333333333336
528.19,390.46666666666664
528.21,390.65
528.23,390.8333333333333
528.26,391.01666666666665
528.28,391.21666666666664
528.3,391.4166666666667
528.33,391.6166666666667
528.35,391.8666666666667
528.37,392.1166666666667
528.4,392.3333333333333
528.42,392.53333333333336
528.44,392.68333333333334
528.46,392.85
528.49,393.03333333333336
528.51,393.1333333333333
528.53,393.26666666666665
528.59,393.45
528.61,393.6333333333333
528.63,393.85
528.66,394.03333333333336
528.68,394.25
528.7,394.45
528.73,394.65
528.75,394.85
528.77,395.05
528.8,395.25
528.82,395.43333333333334
528.84,395.6166666666667
528.87,395.76666666666665
528.89,395.9166666666667
528.91,396.06666666666666
528.94,396.21666666666664
528.96,396.3666666666667
528.98,396.5
529.01,396.6333333333333
529.03,396.76666666666665
529.05,396.8833333333333
529.08,397.01666666666665
529.1,397.2
529.12,397.4
529.17,397.53333333333336
529.2,397.6
529.22,397.71666666666664
529.24,397.81666666666666
529.27,397.9166666666667
529.29,397.98333333333335
529.31,398.06666666666666
529.34,398.1166666666667
529.36,398.1666666666667
529.38,398.21666666666664
529.41,398.3
529.43,398.4166666666667
529.45,398.51666666666665
529.47,398.6
529.5,398.68333333333334
529.52,398.76666666666665
529.54,398.85
529.57,398.9166666666667
529.59,398.96666666666664
529.61,399.01666666666665
529.64,399.06666666666666
529.66,399.1166666666667
529.69,399.15
529.71,399.18333333333334
529.73,399.23333333333335
529.78,399.26666666666665
529.81,399.28333333333336
529.83,399.3
529.85,399.31666666666666
529.88,399.31666666666666
529.9,399.31666666666666
529.92,399.35
529.95,399.4
529.97,399.43333333333334
529.99,399.48333333333335
530.02,399.51666666666665
530.04,399.53333333333336
530.07,399.56666666666666
530.09,399.56666666666666
530.11,399.5833333333333
530.14,399.6
530.16,399.6166666666667
530.18,399.6333333333333
530.2,399.65
530.23,399.65
530.25,399.65
530.27,399.65
530.3,399.65
530.32,399.6666666666667
530.34,399.68333333333334
530.4,399.7
530.42,399.7
530.44,399.7
530.46,399.7
530.49,399.7
530.51,399.7
530.53,399.7
530.56,399.7
530.58,399.7
530.6,399.7
530.63,399.7
530.65,399.7
530.67,399.7
530.7,399.7
530.72,399.7
530.74,399.71666666666664
530.77,399.73333333333335
530.79,399.75
530.81,399.76666666666665
530.84,399.78333333333336
530.86,399.8
530.89,399.81666666666666
530.91,399.8333333333333
530.93,399.85
530.96,399.8666666666667
531.01,399.8833333333333
531.03,399.9
531.05,399.9166666666667
531.08,399.93333333333334
531.1,399.95
531.12,399.98333333333335
531.15,400.01666666666665
531.17,400.03333333333336
531.19,400.05
531.22,400.05
531.24,400.05
531.26,400.05
531.29,400.05
531.31,400.05
531.33,400.05
531.35,400.05
531.38,400.03333333333336
531.4,400.01666666666665
531.42,400.0
531.45,399.98333333333335
531.47,399.96666666666664
531.49,399.95
531.52,399.93333333333334
531.54,399.9166666666667
531.56,399.9
531.61,399.8833333333333
531.64,399.8666666666667
531.66,399.85
531.68,399.8333333333333
531.71,399.81666666666666
531.73,399.8
531.76,399.78333333333336
531.78,399.76666666666665
531.8,399.75
531.82,399.73333333333335
531.85,399.71666666666664
531.87,399.71666666666664
531.89,399.71666666666664
531.92,399.71666666666664
531.94,399.71666666666664
531.97,399.71666666666664
531.99,399.71666666666664
532.01,399.71666666666664
532.03,399.71666666666664
532.06,399.71666666666664
532.08,399.71666666666664
532.1,399.71666666666664
532.13,399.71666666666664
532.15,399.71666666666664
532.17,399.71666666666664
532.23,399.71666666666664
532.25,399.71666666666664
532.27,399.71666666666664
532.29,399.71666666666664
532.32,399.71666666666664
532.34,399.71666666666664
532.36,399.71666666666664
532.39,399.71666666666664
532.41,399.71666666666664
532.43,399.71666666666664
532.46,399.71666666666664
532.48,399.71666666666664
532.5,399.71666666666664
532.53,399.71666666666664
532.55,399.71666666666664
532.57,399.71666666666664
532.6,399.71666666666664
532.62,399.73333333333335
532.64,399.75
532.67,399.76666666666665
532.69,399.76666666666665
532.71,399.76666666666665
532.74,399.76666666666665
532.76,399.76666666666665
532.78,399.76666666666665
532.83,399.76666666666665
532.86,399.76666666666665
532.88,399.76666666666665
532.9,399.76666666666665
532.93,399.76666666666665
532.95,399.76666666666665
532.97,399.76666666666665
533.0,399.76666666666665
533.02,399.76666666666665
533.04,399.75
533.07,399.73333333333335
533.09,399.71666666666664
533.11,399.71666666666664
533.14,399.7
533.16,399.68333333333334
533.18,399.68333333333334
533.21,399.7
533.23,399.71666666666664
533.26,399.73333333333335
533.28,399.75
533.3,399.76666666666665
533.32,399.78333333333336
533.35,399.81666666666666
533.37,399.81666666666666
533.4,399.78333333333336
533.45,399.76666666666665
533.47,399.76666666666665
533.49,399.8
533.52,399.8
533.54,399.76666666666665
533.56,399.8
533.59,399.8
533.61,399.8
533.63,399.8
533.66,399.81666666666666
533.68,399.8333333333333
533.7,399.8333333333333
533.72,399.8333333333333
533.75,399.8333333333333
533.77,399.8333333333333
533.79,399.8333333333333
533.82,399.8333333333333
533.84,399.81666666666666
533.86,399.8
533.89,399.76666666666665
533.91,399.68333333333334
533.93,399.6166666666667
533.96,399.5833333333333
533.98,399.55
534.0,399.51666666666665
534.05,399.48333333333335
534.08,399.46666666666664
534.1,399.45
534.12,399.43333333333334
534.15,399.4166666666667
534.17,399.4166666666667
534.19,399.4166666666667
534.22,399.4166666666667
534.24,399.4166666666667
534.26,399.4166666666667
534.28,399.4166666666667
534.31,399.4166666666667
534.33,399.4166666666667
534.35,399.4166666666667
534.38,399.4166666666667
534.4,399.4166666666667
534.42,399.4166666666667
534.45,399.43333333333334
534.47,399.43333333333334
534.49,399.45
534.52,399.46666666666664
534.54,399.48333333333335
534.56,399.48333333333335
534.59,399.51666666666665
534.61,399.55
534.63,399.56666666666666
534.68,399.5833333333333
534.71,399.6
534.73,399.6166666666667
534.75,399.6333333333333
534.78,399.65
534.8,399.6666666666667
534.82,399.6666666666667
534.85,399.7
534.87,399.76666666666665
534.89,399.81666666666666
534.92,399.8666666666667
534.94,399.8833333333333
534.96,399.93333333333334
534.99,400.01666666666665
535.01,400.03333333333336
535.03,400.0833333333333
535.06,400.1333333333333
535.08,400.2
535.1,400.23333333333335
535.13,400.26666666666665
535.15,400.3333333333333
535.17,400.4
535.2,400.46666666666664
535.22,400.51666666666665
535.24,400.56666666666666
535.29,400.6166666666667
535.32,400.68333333333334
535.34,400.75
535.36,400.8333333333333
535.39,400.96666666666664
535.41,401.0833333333333
535.43,401.1666666666667
535.46,401.25
535.48,401.31666666666666
535.5,401.3833333333333
535.53,401.43333333333334
535.55,401.48333333333335
535.57,401.53333333333336
535.6,401.5833333333333
535.62,401.6166666666667
535.64,401.65
535.67,401.6666666666667
535.69,401.68333333333334
535.71,401.68333333333334
535.74,401.68333333333334
535.76,401.6666666666667
535.78,401.6666666666667
535.8,401.65
535.83,401.65
535.85,401.65
535.9,401.65
535.93,401.6333333333333
535.95,401.6333333333333
535.97,401.6166666666667
536.0,401.5833333333333
536.02,401.56666666666666
536.04,401.55
536.07,401.53333333333336
536.09,401.51666666666665
536.11,401.5
536.14,401.46666666666664
536.16,401.43333333333334
536.18,401.4166666666667
536.21,401.4
536.23,401.3833333333333
536.25,401.3666666666667
536.28,401.35
536.3,401.3333333333333
536.32,401.3
536.34,401.26666666666665
536.37,401.23333333333335
536.39,401.2
536.42,401.18333333333334
536.44,401.1666666666667
536.46,401.15
536.51,401.1333333333333
536.54,401.1333333333333
536.56,401.1166666666667
536.59,401.1166666666667
536.61,401.1166666666667
536.63,401.1
536.66,401.0833333333333
536.68,401.06666666666666
536.7,401.06666666666666
536.72,401.06666666666666
536.75,401.06666666666666
536.77,401.06666666666666
536.79,401.06666666666666
536.82,401.06666666666666
536.84,401.06666666666666
536.86,401.06666666666666
536.89,401.06666666666666
536.91,401.06666666666666
536.93,401.0833333333333
536.96,401.1
536.98,401.1166666666667
537.01,401.1166666666667
537.03,401.1166666666667
537.05,401.1166666666667
537.07,401.1333333333333
537.13,401.15
537.15,401.1666666666667
537.17,401.18333333333334
537.2,401.21666666666664
537.22,401.25
537.24,401.3
537.27,401.3333333333333
537.29,401.3666666666667
537.31,401.3833333333333
537.33,401.4
537.36,401.4166666666667
537.38,401.43333333333334
537.4,401.45
537.43,401.46666666666664
537.45,401.5
537.47,401.51666666666665
537.5,401.53333333333336
537.52,401.53333333333336
537.54,401.53333333333336
537.57,401.53333333333336
537.59,401.53333333333336
537.61,401.53333333333336
537.64,401.51666666666665
537.66,401.5
537.71,401.48333333333335
537.74,401.46666666666664
537.76,401.45
537.78,401.43333333333334
537.8,401.43333333333334
537.83,401.43333333333334
537.85,401.4166666666667
537.88,401.4166666666667
537.9,401.4
537.92,401.3833333333333
537.95,401.3666666666667
537.97,401.35
537.99,401.31666666666666
538.01,401.28333333333336
538.04,401.25
538.06,401.21666666666664
538.08,401.18333333333334
538.11,401.15
538.13,401.1166666666667
538.15,401.0833333333333
538.18,401.05
538.2,401.01666666666665
538.22,400.98333333333335
538.25,400.95
538.27,400.93333333333334
538.29,400.9166666666667
538.34,400.9
538.37,400.8833333333333
538.39,400.8666666666667
538.41,400.85
538.44,400.8333333333333
538.46,400.81666666666666
538.48,400.81666666666666
538.51,400.81666666666666
538.53,400.81666666666666
538.55,400.81666666666666
538.58,400.81666666666666
538.6,400.8333333333333
538.62,400.85
538.65,400.8666666666667
538.67,400.8833333333333
538.69,400.9
538.72,400.9
538.74,400.93333333333334
538.76,400.95
538.79,400.96666666666664
538.81,400.98333333333335
538.83,401.0
538.86,401.01666666666665
538.88,401.03333333333336
538.93,401.05
538.96,401.06666666666666
538.98,401.0833333333333
539.0,401.1
539.03,401.1166666666667
539.05,401.1333333333333
539.07,401.15
539.1,401.1666666666667
539.12,401.18333333333334
539.14,401.2
539.16,401.21666666666664
539.19,401.23333333333335
539.21,401.25
539.23,401.26666666666665
539.26,401.28333333333336
539.28,401.3
539.3,401.31666666666666
539.33,401.31666666666666
539.35,401.31666666666666
539.37,401.31666666666666
539.4,401.31666666666666
539.42,401.31666666666666
539.45,401.31666666666666
539.47,401.31666666666666
539.49,401.31666666666666
539.51,401.31666666666666
539.57,401.31666666666666
539.59,401.31666666666666
539.61,401.31666666666666
539.64,401.31666666666666
539.66,401.31666666666666
539.68,401.31666666666666
539.71,401.31666666666666
539.73,401.31666666666666
539.75,401.3
539.77,401.28333333333336
539.8,401.26666666666665
539.82,401.25
539.84,401.23333333333335
539.87,401.21666666666664
539.89,401.2
539.92,401.18333333333334
539.94,401.1666666666667
539.96,401.15
539.98,401.1333333333333
540.01,401.1166666666667
540.03,401.1
540.05,401.0833333333333
540.08,401.06666666666666
540.1,401.05
540.16,401.03333333333336
540.19,401.01666666666665
540.21,401.01666666666665
540.23,401.0
540.26,401.0
540.28,401.0
540.3,401.0
540.33,401.0
540.35,401.0
540.37,401.0
540.4,401.0
540.42,401.0
540.44,401.0
540.47,401.0
540.49,401.0
540.51,401.0
540.53,401.0
540.56,401.0
540.58,401.0
540.6,401.0
540.63,401.0
540.65,401.0
540.67,401.0
540.7,401.0
540.72,401.0
540.74,401.0
540.8,401.0
540.82,401.0
540.84,401.0
540.87,401.0
540.89,401.0
540.91,401.0
540.93,401.0
540.96,401.0
540.98,401.0
541.0,401.0
541.03,401.0
541.05,401.0
541.08,401.0
541.1,401.0
541.12,401.0
541.15,401.0
541.17,401.0
541.19,401.0
541.22,401.0
541.24,401.0
541.26,401.0
541.29,401.0
541.31,401.0
541.33,401.0
541.38,401.0
541.41,401.0
541.43,401.0
541.45,401.0
541.47,401.0
541.5,401.0
541.52,401.0
541.54,401.0
541.57,401.0
541.59,401.0
541.61,401.0
541.64,401.0
541.66,401.0
541.68,401.0
541.71,401.0
541.73,401.0
541.75,401.0
541.78,401.0
541.8,401.0
541.82,401.0
541.85,401.0
541.87,401.0
541.89,401.0
541.92,401.0
541.94,401.0
541.96,401.0
542.01,401.0
542.04,401.0
542.06,401.0
542.08,401.0
542.11,401.0
542.13,401.0
542.15,401.0
542.18,401.0
542.2,401.0
542.22,401.0
542.25,401.0
542.27,401.01666666666665
542.29,401.01666666666665
542.32,401.01666666666665
542.34,401.03333333333336
542.36,401.03333333333336
542.39,401.05
542.41,401.06666666666666
542.43,401.0833333333333
542.46,401.1
542.48,401.1166666666667
542.5,401.1333333333333
542.53,401.15
542.55,401.1666666666667
542.6,401.18333333333334
542.62,401.2
542.65,401.21666666666664
542.67,401.23333333333335
542.69,401.25
542.72,401.26666666666665
542.74,401.28333333333336
542.76,401.3
542.79,401.31666666666666
542.81,401.3333333333333
542.83,401.35
542.86,401.3666666666667
542.88,401.3833333333333
542.9,401.3833333333333
542.92,401.4
542.95,401.4166666666667
542.97,401.43333333333334
542.99,401.45
543.02,401.46666666666664
543.04,401.48333333333335
543.07,401.48333333333335
543.09,401.48333333333335
543.11,401.48333333333335
543.13,401.48333333333335
543.16,401.48333333333335
543.18,401.48333333333335
543.23,401.48333333333335
543.26,401.48333333333335
543.28,401.48333333333335
543.3,401.48333333333335
543.33,401.48333333333335
543.35,401.48333333333335
543.37,401.48333333333335
543.4,401.48333333333335
543.42,401.48333333333335
543.44,401.48333333333335
543.47,401.48333333333335
543.49,401.48333333333335
543.51,401.48333333333335
543.54,401.48333333333335
543.56,401.48333333333335
543.58,401.48333333333335
543.61,401.48333333333335
543.63,401.48333333333335
543.65,401.48333333333335
543.68,401.48333333333335
543.7,401.48333333333335
543.72,401.46666666666664
543.75,401.46666666666664
543.77,401.46666666666664
543.82,401.45
543.84,401.45
543.86,401.43333333333334
543.89,401.4166666666667
543.91,401.4
543.93,401.4
543.96,401.4
543.98,401.3833333333333
544.01,401.3666666666667
544.03,401.3666666666667
544.05,401.3666666666667
544.08,401.3666666666667
544.1,401.3666666666667
544.12,401.3666666666667
544.15,401.3666666666667
544.17,401.3666666666667
544.19,401.3666666666667
544.22,401.3666666666667
544.24,401.3666666666667
544.26,401.3666666666667
544.28,401.3666666666667
544.31,401.3666666666667
544.33,401.3666666666667
544.35,401.3833333333333
544.38,401.3833333333333
544.4,401.3833333333333
544.45,401.3833333333333
544.48,401.3833333333333
544.5,401.3833333333333
544.52,401.3833333333333
544.55,401.4
544.57,401.4166666666667
544.59,401.43333333333334
544.62,401.45
544.64,401.46666666666664
544.66,401.48333333333335
544.69,401.5
544.71,401.51666666666665
544.73,401.53333333333336
544.76,401.55
544.78,401.56666666666666
544.8,401.5833333333333
544.83,401.6
544.85,401.6
544.87,401.6
544.89,401.6
544.92,401.6
544.94,401.6
544.96,401.6
544.99,401.6
545.04,401.6
545.06,401.6
545.08,401.6
545.11,401.6
545.13,401.6
545.15,401.6
545.18,401.6
545.2,401.6
545.22,401.6
545.25,401.6
545.27,401.6
545.29,401.6
545.32,401.6
545.34,401.6
545.36,401.6
545.39,401.5833333333333
545.41,401.56666666666666
545.43,401.56666666666666
545.46,401.56666666666666
545.48,401.55
545.5,401.53333333333336
545.53,401.51666666666665
545.55,401.5
545.57,401.48333333333335
545.6,401.46666666666664
545.65,401.45
545.67,401.43333333333334
545.7,401.4166666666667
545.72,401.4
545.74,401.4
545.77,401.3833333333333
545.79,401.3833333333333
545.81,401.3833333333333
545.84,401.3833333333333
545.86,401.3833333333333
545.88,401.3833333333333
545.9,401.3833333333333
545.93,401.3666666666667
545.95,401.3666666666667
545.97,401.3666666666667
546.0,401.3666666666667
546.02,401.3666666666667
546.04,401.3666666666667
546.07,401.3666666666667
546.09,401.3666666666667
546.11,401.3666666666667
546.14,401.3666666666667
546.16,401.3666666666667
546.18,401.3666666666667
546.21,401.3666666666667
546.26,401.3666666666667
546.28,401.3666666666667
546.3,401.3666666666667
546.33,401.3833333333333
546.35,401.4
546.37,401.4166666666667
546.4,401.43333333333334
546.42,401.45
546.44,401.46666666666664
546.47,401.48333333333335
546.49,401.5
546.51,401.51666666666665
546.53,401.53333333333336
546.56,401.55
546.58,401.56666666666666
546.6,401.5833333333333
546.63,401.5833333333333
546.65,401.5833333333333
546.67,401.5833333333333
546.7,401.5833333333333
546.72,401.5833333333333
546.74,401.5833333333333
546.76,401.5833333333333
546.79,401.5833333333333
546.81,401.5833333333333
546.83,401.5833333333333
546.89,401.5833333333333
546.91,401.5833333333333
546.93,401.5833333333333
546.96,401.5833333333333
546.98,401.5833333333333
547.0,401.5833333333333
547.02,401.5833333333333
547.05,401.5833333333333
547.07,401.5833333333333
547.09,401.5833333333333
547.12,401.5833333333333
547.14,401.5833333333333
547.16,401.5833333333333
547.19,401.56666666666666
547.21,401.56666666666666
547.23,401.55
547.26,401.53333333333336
547.28,401.51666666666665
547.3,401.51666666666665
547.33,401.51666666666665
547.35,401.51666666666665
547.37,401.53333333333336
547.4,401.53333333333336
547.42,401.53333333333336
547.44,401.53333333333336
547.49,401.53333333333336
547.52,401.53333333333336
547.54,401.53333333333336
547.56,401.53333333333336
547.59,401.53333333333336
547.61,401.53333333333336
547.63,401.53333333333336
547.66,401.53333333333336
547.68,401.53333333333336
547.7,401.53333333333336
547.72,401.53333333333336
547.75,401.53333333333336
547.77,401.53333333333336
547.79,401.53333333333336
547.82,401.53333333333336
547.84,401.53333333333336
547.87,401.53333333333336
547.89,401.53333333333336
547.91,401.51666666666665
547.94,401.51666666666665
547.96,401.51666666666665
547.98,401.51666666666665
548.01,401.51666666666665
548.03,401.51666666666665
548.05,401.51666666666665
548.1,401.53333333333336
548.13,401.55
548.15,401.56666666666666
548.17,401.5833333333333
548.2,401.6
548.22,401.6166666666667
548.24,401.6166666666667
548.27,401.6166666666667
548.29,401.6166666666667
548.31,401.6166666666667
548.34,401.6166666666667
548.36,401.6166666666667
548.38,401.6166666666667
548.41,401.6166666666667
548.43,401.6166666666667
548.45,401.6166666666667
548.48,401.6166666666667
548.5,401.6166666666667
548.52,401.6166666666667
548.55,401.6166666666667
548.57,401.6166666666667
548.59,401.6166666666667
548.62,401.6166666666667
548.64,401.6166666666667
548.66,401.6166666666667
548.71,401.6166666666667
548.74,401.6166666666667
548.76,401.6166666666667
548.78,401.6
548.81,401.5833333333333
548.83,401.56666666666666
548.85,401.55
548.88,401.53333333333336
548.9,401.51666666666665
548.92,401.5
548.95,401.5
548.97,401.5
548.99,401.5
549.02,401.5
549.04,401.5
549.07,401.5
549.09,401.5
549.11,401.5
549.14,401.5
549.16,401.5
549.18,401.5
549.21,401.5
549.23,401.5
549.25,401.5
549.3,401.5
549.33,401.5
549.35,401.5
549.37,401.5
549.4,401.51666666666665
549.42,401.51666666666665
549.45,401.51666666666665
549.47,401.51666666666665
549.49,401.51666666666665
549.52,401.51666666666665
549.54,401.51666666666665
549.56,401.51666666666665
549.58,401.51666666666665
549.61,401.5
549.63,401.48333333333335
549.65,401.46666666666664
549.68,401.46666666666664
549.7,401.46666666666664
549.72,401.48333333333335
549.75,401.48333333333335
549.77,401.5
549.79,401.5
549.82,401.5
549.84,401.51666666666665
549.86,401.51666666666665
549.91,401.53333333333336
549.94,401.53333333333336
549.96,401.53333333333336
549.98,401.53333333333336
550.01,401.53333333333336
550.03,401.55
550.05,401.55
550.08,401.55
550.1,401.55
550.13,401.55
550.15,401.55
550.17,401.55
550.2,401.55
550.22,401.55
550.24,401.55
550.27,401.55
550.29,401.56666666666666
550.31,401.5833333333333
550.34,401.5833333333333
550.36,401.5833333333333
550.38,401.5833333333333
550.41,401.55
550.43,401.51666666666665
550.45,401.48333333333335
550.48,401.46666666666664
550.53,401.46666666666664
550.55,401.46666666666664
550.58,401.46666666666664
550.6,401.46666666666664
550.62,401.46666666666664
550.64,401.46666666666664
550.67,401.46666666666664
550.69,401.46666666666664
550.71,401.46666666666664
550.74,401.46666666666664
550.76,401.46666666666664
550.78,401.46666666666664
550.81,401.46666666666664
550.83,401.46666666666664
550.85,401.46666666666664
550.88,401.46666666666664
550.9,401.46666666666664
550.92,401.46666666666664
550.95,401.46666666666664
550.97,401.46666666666664
550.99,401.46666666666664
551.02,401.46666666666664
551.04,401.46666666666664
551.06,401.48333333333335
551.09,401.5
551.14,401.51666666666665
551.16,401.51666666666665
551.18,401.53333333333336
551.21,401.53333333333336
551.23,401.55
551.26,401.53333333333336
551.28,401.53333333333336
551.3,401.53333333333336
551.33,401.51666666666665
551.35,401.51666666666665
551.37,401.5
551.4,401.5
551.42,401.5
551.44,401.5
551.47,401.5
551.49,401.48333333333335
551.51,401.48333333333335
551.54,401.48333333333335
551.56,401.48333333333335
551.58,401.48333333333335
551.61,401.48333333333335
551.63,401.48333333333335
551.65,401.5
551.68,401.5
551.73,401.5
551.75,401.5
551.78,401.48333333333335
551.8,401.46666666666664
551.82,401.46666666666664
551.84,401.48333333333335
551.87,401.48333333333335
551.89,401.5
551.91,401.53333333333336
551.94,401.55
551.96,401.55
551.98,401.53333333333336
552.01,401.51666666666665
552.03,401.5
552.05,401.48333333333335
552.08,401.46666666666664
552.1,401.45
552.13,401.43333333333334
552.15,401.4166666666667
552.17,401.4166666666667
552.2,401.4
552.22,401.4
552.24,401.3833333333333
552.27,401.3666666666667
552.29,401.35
552.34,401.3333333333333
552.36,401.31666666666666
552.39,401.3
552.41,401.28333333333336
552.43,401.26666666666665
552.46,401.25
552.48,401.23333333333335
552.51,401.21666666666664
552.53,401.2
552.55,401.18333333333334
552.57,401.1666666666667
552.6,401.15
552.62,401.1333333333333
552.65,401.1166666666667
552.67,401.1
552.69,401.0833333333333
552.72,401.0833333333333
552.74,401.0833333333333
552.76,401.0833333333333
552.78,401.0833333333333
552.81,401.0833333333333
552.83,401.0833333333333
552.85,401.0833333333333
552.88,401.1
552.9,401.1166666666667
552.95,401.1333333333333
552.97,401.1333333333333
553.0,401.1333333333333
553.02,401.1333333333333
553.04,401.15
553.07,401.1666666666667
553.09,401.1666666666667
553.11,401.1666666666667
553.14,401.15
553.16,401.15
553.18,401.15
553.21,401.15
553.23,401.15
553.25,401.15
553.28,401.15
553.3,401.15
553.32,401.15
553.35,401.15
553.37,401.1333333333333
553.4,401.1333333333333
553.42,401.1333333333333
553.44,401.1333333333333
553.46,401.1333333333333
553.49,401.15
553.51,401.1666666666667
553.56,401.18333333333334
553.59,401.2
553.61,401.21666666666664
553.63,401.23333333333335
553.66,401.23333333333335
553.68,401.25
553.7,401.26666666666665
553.73,401.3
553.75,401.31666666666666
553.78,401.3333333333333
553.8,401.35
553.82,401.3666666666667
553.84,401.3833333333333
553.87,401.4
553.89,401.4166666666667
553.91,401.43333333333334
553.94,401.45
553.96,401.46666666666664
553.98,401.46666666666664
554.01,401.46666666666664
554.03,401.46666666666664
554.05,401.48333333333335
554.08,401.5
554.1,401.51666666666665
554.15,401.53333333333336
554.17,401.55
554.2,401.56666666666666
554.22,401.5833333333333
554.24,401.6
554.27,401.6166666666667
554.29,401.6333333333333
554.31,401.65
554.34,401.6666666666667
554.36,401.6666666666667
554.38,401.65
554.41,401.6333333333333
554.43,401.6333333333333
554.46,401.6333333333333
554.48,401.6333333333333
554.5,401.6166666666667
554.52,401.6
554.55,401.6
554.57,401.6
554.59,401.6
554.62,401.6
554.64,401.6
554.66,401.6
554.69,401.6
554.71,401.6166666666667
554.77,401.6333333333333
554.79,401.6333333333333
554.81,401.65
554.83,401.6666666666667
554.86,401.68333333333334
554.88,401.7
554.9,401.71666666666664
554.93,401.71666666666664
554.95,401.73333333333335
554.97,401.71666666666664
555.0,401.71666666666664
555.02,401.7
555.04,401.68333333333334
555.07,401.68333333333334
555.09,401.68333333333334
555.11,401.68333333333334
555.14,401.68333333333334
555.16,401.6666666666667
555.18,401.65
555.21,401.65
555.23,401.65
555.25,401.65
555.28,401.65
555.3,401.65
555.32,401.65
555.38,401.65
555.4,401.65
555.42,401.6333333333333
555.45,401.6333333333333
555.47,401.6333333333333
555.49,401.65
555.52,401.6666666666667
555.54,401.6666666666667
555.56,401.6666666666667
555.59,401.6666666666667
555.61,401.6666666666667
555.63,401.6666666666667
555.66,401.65
555.68,401.6333333333333
555.7,401.6333333333333
555.72,401.6166666666667
555.75,401.6
555.77,401.5833333333333
555.79,401.56666666666666
555.82,401.55
555.84,401.56666666666666
555.87,401.56666666666666
555.89,401.56666666666666
555.91,401.5833333333333
555.97,401.5833333333333
555.99,401.5833333333333
556.01,401.5833333333333
556.04,401.5833333333333
556.06,401.5833333333333
556.08,401.5833333333333
556.1,401.5833333333333
556.13,401.5833333333333
556.15,401.5833333333333
556.17,401.5833333333333
556.2,401.56666666666666
556.22,401.55
556.24,401.53333333333336
556.27,401.51666666666665
556.29,401.5
556.31,401.48333333333335
556.34,401.46666666666664
556.36,401.45
556.38,401.45
556.41,401.43333333333334
556.43,401.43333333333334
556.45,401.4166666666667
556.48,401.4166666666667
556.5,401.4166666666667
556.52,401.4
556.58,401.3833333333333
556.6,401.3666666666667
556.62,401.35
556.65,401.35
556.67,401.35
556.69,401.3333333333333
556.72,401.3333333333333
556.74,401.3333333333333
556.76,401.3333333333333
556.78,401.3333333333333
556.81,401.3333333333333
556.83,401.3333333333333
556.85,401.3333333333333
556.88,401.35
556.9,401.35
556.92,401.3666666666667
556.95,401.3666666666667
556.97,401.3666666666667
557.0,401.3666666666667
557.02,401.3666666666667
557.04,401.3666666666667
557.07,401.3666666666667
557.09,401.3666666666667
557.11,401.3833333333333
557.14,401.4
557.19,401.4
557.21,401.4166666666667
557.23,401.43333333333334
557.26,401.45
557.28,401.46666666666664
557.3,401.46666666666664
557.33,401.45
557.35,401.45
557.37,401.45
557.4,401.43333333333334
557.42,401.43333333333334
557.44,401.43333333333334
557.47,401.43333333333334
557.49,401.43333333333334
557.51,401.43333333333334
557.54,401.43333333333334
557.56,401.43333333333334
557.58,401.43333333333334
557.61,401.43333333333334
557.63,401.43333333333334
557.65,401.43333333333334
557.68,401.43333333333334
557.7,401.43333333333334
557.72,401.43333333333334
557.75,401.43333333333334
557.8,401.43333333333334
557.82,401.43333333333334
557.84,401.43333333333334
557.87,401.43333333333334
557.89,401.43333333333334
557.91,401.43333333333334
557.94,401.43333333333334
557.96,401.43333333333334
557.98,401.43333333333334
558.01,401.45
558.03,401.46666666666664
558.05,401.48333333333335
558.08,401.5
558.1,401.5
558.13,401.5
558.15,401.51666666666665
558.17,401.51666666666665
558.2,401.5
558.22,401.5
558.24,401.5
558.27,401.5
558.29,401.5
558.31,401.5
558.33,401.5
558.41,401.5
558.43,401.5
558.45,401.5
558.47,401.5
558.5,401.5
558.52,401.5
558.54,401.5
558.57,401.5
558.59,401.5
558.61,401.5
558.64,401.5
558.66,401.5
558.68,401.5
558.71,401.5
558.73,401.5
558.75,401.5
558.78,401.51666666666665
558.8,401.53333333333336
558.83,401.55
558.85,401.56666666666666
558.87,401.56666666666666
558.9,401.5833333333333
558.92,401.5833333333333
558.94,401.5833333333333
558.96,401.5833333333333
559.02,401.5833333333333
559.04,401.5833333333333
559.06,401.5833333333333
559.09,401.5833333333333
559.11,401.5833333333333
559.13,401.5833333333333
559.16,401.5833333333333
559.18,401.5833333333333
559.2,401.5833333333333
559.22,401.5833333333333
559.25,401.5833333333333
559.27,401.5833333333333
559.29,401.5833333333333
559.32,401.5833333333333
559.34,401.5833333333333
559.36,401.5833333333333
559.39,401.5833333333333
559.41,401.5833333333333
559.43,401.5833333333333
559.46,401.5833333333333
559.48,401.56666666666666
559.5,401.55
559.52,401.53333333333336
559.55,401.51666666666665
559.57,401.5
559.62,401.48333333333335
559.65,401.46666666666664
559.67,401.45
559.69,401.45
559.72,401.43333333333334
559.74,401.4166666666667
559.76,401.4166666666667
559.78,401.4166666666667
559.81,401.4166666666667
559.83,401.4166666666667
559.85,401.4166666666667
559.88,401.4166666666667
559.9,401.4166666666667
559.93,401.4166666666667
559.95,401.4166666666667
559.97,401.4166666666667
559.99,401.4166666666667
560.02,401.4166666666667
560.04,401.4166666666667
560.07,401.4166666666667
560.09,401.4166666666667
560.11,401.4166666666667
560.14,401.4166666666667
560.16,401.4166666666667
560.18,401.4166666666667
560.23,401.4
560.26,401.4
560.28,401.4
560.3,401.4
560.33,401.4
560.35,401.4166666666667
560.37,401.4166666666667
560.4,401.43333333333334
560.42,401.45
560.45,401.46666666666664
560.47,401.48333333333335
560.49,401.5
560.52,401.51666666666665
560.54,401.51666666666665
560.56,401.51666666666665
560.59,401.51666666666665
560.61,401.51666666666665
560.63,401.51666666666665
560.66,401.51666666666665
560.68,401.51666666666665
560.7,401.51666666666665
560.72,401.51666666666665
560.75,401.51666666666665
560.77,401.51666666666665
560.79,401.51666666666665
560.85,401.51666666666665
560.87,401.51666666666665
560.89,401.51666666666665
560.92,401.51666666666665
560.94,401.51666666666665
560.96,401.51666666666665
560.99,401.51666666666665
561.01,401.51666666666665
561.03,401.51666666666665
561.05,401.51666666666665
561.08,401.51666666666665
561.1,401.51666666666665
561.13,401.51666666666665
561.15,401.51666666666665
561.17,401.51666666666665
561.2,401.51666666666665
561.22,401.5
561.24,401.48333333333335
561.26,401.46666666666664
561.29,401.45
561.31,401.43333333333334
561.33,401.4166666666667
561.36,401.4
561.38,401.3833333333333
561.4,401.3833333333333
561.46,401.3666666666667
561.48,401.35
561.5,401.35
561.53,401.3333333333333
561.55,401.31666666666666
561.57,401.3
561.6,401.3
561.62,401.3
561.64,401.3
561.67,401.3
561.69,401.31666666666666
561.72,401.31666666666666
561.74,401.3
561.76,401.3
561.78,401.3
561.81,401.28333333333336
561.83,401.28333333333336
561.85,401.26666666666665
561.88,401.26666666666665
561.9,401.26666666666665
561.92,401.25
561.95,401.25
561.97,401.23333333333335
561.99,401.25
562.04,401.26666666666665
562.07,401.26666666666665
562.09,401.28333333333336
562.11,401.3
562.14,401.31666666666666
562.16,401.31666666666666
562.18,401.31666666666666
562.21,401.31666666666666
562.23,401.31666666666666
562.25,401.31666666666666
562.28,401.31666666666666
562.3,401.31666666666666
562.32,401.31666666666666
562.35,401.31666666666666
562.37,401.31666666666666
562.39,401.31666666666666
562.42,401.31666666666666
562.44,401.31666666666666
562.46,401.31666666666666
562.49,401.31666666666666
562.51,401.31666666666666
562.53,401.31666666666666
562.56,401.31666666666666
562.58,401.31666666666666
562.6,401.31666666666666
562.66,401.31666666666666
562.68,401.31666666666666
562.7,401.31666666666666
562.73,401.31666666666666
562.75,401.31666666666666
562.78,401.31666666666666
562.8,401.31666666666666
562.82,401.31666666666666
562.84,401.31666666666666
562.87,401.31666666666666
562.89,401.3
562.91,401.3
562.94,401.3
562.96,401.28333333333336
562.98,401.28333333333336
563.01,401.28333333333336
563.03,401.28333333333336
563.05,401.26666666666665
563.08,401.25
563.1,401.23333333333335
563.12,401.21666666666664
563.15,401.2
563.17,401.18333333333334
563.19,401.18333333333334
563.22,401.1666666666667
563.27,401.15
563.29,401.15
563.32,401.1333333333333
563.34,401.1333333333333
563.36,401.1166666666667
563.39,401.1
563.41,401.1
563.43,401.0833333333333
563.45,401.0833333333333
563.48,401.06666666666666
563.5,401.05
563.52,401.05
563.55,401.03333333333336
563.57,401.01666666666665
563.59,401.0
563.62,401.0
563.64,401.0
563.66,401.0
563.69,401.0
563.71,401.0
563.73,401.0
563.76,401.0
563.78,401.0
563.8,401.0
563.86,401.0
563.88,401.01666666666665
563.91,401.01666666666665
563.93,401.01666666666665
563.95,401.01666666666665
563.97,401.01666666666665
564.0,401.01666666666665
564.02,401.03333333333336
564.04,401.03333333333336
564.07,401.05
564.09,401.06666666666666
564.11,401.0833333333333
564.14,401.1
564.16,401.1166666666667
564.18,401.1333333333333
564.21,401.15
564.23,401.1666666666667
564.25,401.18333333333334
564.28,401.2
564.3,401.21666666666664
564.32,401.21666666666664
564.34,401.21666666666664
564.37,401.23333333333335
564.39,401.23333333333335
564.42,401.23333333333335
564.47,401.25
564.49,401.26666666666665
564.51,401.28333333333336
564.54,401.28333333333336
564.56,401.28333333333336
564.58,401.28333333333336
564.61,401.28333333333336
564.63,401.28333333333336
564.65,401.28333333333336
564.68,401.28333333333336
564.7,401.28333333333336
564.72,401.28333333333336
564.75,401.28333333333336
564.77,401.28333333333336
564.79,401.28333333333336
564.82,401.28333333333336
564.84,401.28333333333336
564.86,401.28333333333336
564.89,401.28333333333336
564.91,401.28333333333336
564.93,401.28333333333336
564.96,401.28333333333336
564.98,401.28333333333336
565.01,401.28333333333336
565.03,401.28333333333336
565.08,401.28333333333336
565.1,401.28333333333336
565.13,401.28333333333336
565.15,401.28333333333336
565.17,401.28333333333336
565.2,401.28333333333336
565.22,401.28333333333336
565.24,401.28333333333336
565.27,401.28333333333336
565.29,401.28333333333336
565.31,401.28333333333336
565.34,401.26666666666665
565.36,401.26666666666665
565.38,401.28333333333336
565.41,401.28333333333336
565.43,401.28333333333336
565.45,401.28333333333336
565.47,401.26666666666665
565.5,401.28333333333336
565.52,401.28333333333336
565.54,401.28333333333336
565.57,401.28333333333336
565.59,401.28333333333336
565.61,401.28333333333336
565.64,401.28333333333336
565.69,401.28333333333336
565.71,401.28333333333336
565.73,401.28333333333336
565.76,401.28333333333336
565.78,401.26666666666665
565.8,401.28333333333336
565.83,401.28333333333336
565.85,401.26666666666665
565.88,401.26666666666665
565.9,401.28333333333336
565.92,401.28333333333336
565.95,401.28333333333336
565.97,401.28333333333336
565.99,401.3
566.01,401.31666666666666
566.04,401.3333333333333
566.06,401.35
566.09,401.3666666666667
566.11,401.3833333333333
566.13,401.3833333333333
566.16,401.3833333333333
566.18,401.3833333333333
566.2,401.3833333333333
566.23,401.3833333333333
566.28,401.4
566.3,401.4166666666667
566.33,401.43333333333334
566.35,401.45
566.37,401.46666666666664
566.39,401.48333333333335
566.42,401.5
566.44,401.51666666666665
566.47,401.53333333333336
566.49,401.55
566.51,401.56666666666666
566.53,401.5833333333333
566.56,401.6
566.58,401.6166666666667
566.6,401.6333333333333
566.63,401.6333333333333
566.65,401.6166666666667
566.67,401.53333333333336
566.7,401.48333333333335
566.72,401.48333333333335
566.74,401.5
566.77,401.51666666666665
566.79,401.53333333333336
566.81,401.53333333333336
566.84,401.51666666666665
566.89,401.51666666666665
566.91,401.5
566.93,401.45
566.96,401.3833333333333
566.98,401.3333333333333
567.01,401.3
567.03,401.25
567.05,401.2
567.07,401.1333333333333
567.1,401.06666666666666
567.12,401.0
567.14,400.93333333333334
567.17,400.85
567.19,400.76666666666665
567.22,400.68333333333334
567.24,400.6
567.26,400.55
567.29,400.46666666666664
567.31,400.3833333333333
567.33,400.3
567.36,400.18333333333334
567.38,400.0833333333333
567.4,399.96666666666664
567.43,399.85
567.45,399.73333333333335
567.5,399.6166666666667
567.53,399.5
567.55,399.3833333333333
567.57,399.25
567.59,399.1166666666667
567.62,399.0
567.64,398.8833333333333
567.66,398.76666666666665
567.69,398.65
567.71,398.53333333333336
567.73,398.4
567.76,398.25
567.78,398.1
567.8,397.95
567.83,397.8
567.85,397.6333333333333
567.87,397.46666666666664
567.9,397.31666666666666
567.92,397.15
567.94,396.98333333333335
567.97,396.81666666666666
567.99,396.6333333333333
568.01,396.46666666666664
568.04,396.3
568.06,396.1166666666667
568.11,395.93333333333334
568.14,395.76666666666665
568.16,395.6666666666667
568.18,395.51666666666665
568.21,395.3333333333333
568.23,395.1166666666667
568.25,394.9
568.27,394.68333333333334
568.3,394.46666666666664
568.32,394.23333333333335
568.34,394.0
568.37,393.8
568.39,393.6166666666667
568.42,393.45
568.44,393.23333333333335
568.46,392.98333333333335
568.49,392.75
568.51,392.5
568.53,392.26666666666665
568.56,392.03333333333336
568.58,391.78333333333336
568.6,391.55
568.63,391.3833333333333
568.65,391.18333333333334
568.71,391.0
568.73,390.81666666666666
568.76,390.56666666666666
568.78,390.3833333333333
568.8,390.2
568.83,390.0
568.85,389.8333333333333
568.88,389.65
568.9,389.48333333333335
568.92,389.3333333333333
568.94,389.18333333333334
568.97,389.03333333333336
568.99,388.8833333333333
569.01,388.73333333333335
569.04,388.6
569.06,388.48333333333335
569.08,388.31666666666666
569.11,388.18333333333334
569.13,388.06666666666666
569.15,387.9166666666667
569.18,387.78333333333336
569.2,387.6166666666667
569.22,387.5
569.25,387.3666666666667
569.27,387.18333333333334
569.32,387.1
569.34,387.03333333333336
569.37,386.9166666666667
569.39,386.78333333333336
569.41,386.68333333333334
569.44,386.56666666666666
569.46,386.43333333333334
569.48,386.3
569.51,386.15
569.53,386.0
569.55,385.8333333333333
569.58,385.68333333333334
569.6,385.53333333333336
569.63,385.3666666666667
569.65,385.2
569.67,385.01666666666665
569.7,384.8333333333333
569.72,384.6333333333333
569.74,384.4166666666667
569.76,384.21666666666664
569.79,384.01666666666665
569.81,383.78333333333336
569.84,383.51666666666665
569.86,383.25
569.88,382.96666666666664
569.93,382.6666666666667
569.96,382.35
569.98,382.03333333333336
570.0,381.7
570.03,381.35
570.05,380.98333333333335
570.07,380.6166666666667
570.09,380.2
570.12,379.71666666666664
570.14,379.25
570.16,378.75
570.19,378.23333333333335
570.21,377.71666666666664
570.23,377.15
570.26,376.56666666666666
570.28,375.98333333333335
570.3,375.3666666666667
570.33,374.73333333333335
570.35,374.1
570.37,373.45
570.4,372.8
570.42,372.15
570.44,371.51666666666665
570.47,370.8833333333333
570.49,370.26666666666665
570.54,369.68333333333334
570.56,369.18333333333334
570.59,368.68333333333334
570.61,368.2
570.64,367.8
570.66,367.4166666666667
570.68,367.1
570.71,366.76666666666665
570.73,366.45
570.75,366.2
570.78,365.8833333333333
570.8,365.55
570.82,365.26666666666665
570.85,364.98333333333335
570.87,364.71666666666664
570.89,364.48333333333335
570.92,364.28333333333336
570.94,364.1166666666667
570.96,363.98333333333335
570.99,363.8666666666667
571.01,363.78333333333336
571.03,363.7
571.06,363.6166666666667
571.08,363.53333333333336
571.13,363.45
571.15,363.35
571.18,363.26666666666665
571.2,363.18333333333334
571.22,363.1166666666667
571.25,363.05
571.27,363.0
571.29,362.96666666666664
571.32,362.95
571.34,362.9166666666667
571.36,362.8833333333333
571.39,362.8666666666667
571.41,362.85
571.43,362.8333333333333
571.46,362.8333333333333
571.48,362.81666666666666
571.5,362.8
571.53,362.78333333333336
571.55,362.8
571.57,362.81666666666666
571.59,362.85
571.62,362.8833333333333
571.64,362.93333333333334
571.66,363.01666666666665
571.69,363.1166666666667
571.74,363.21666666666664
571.76,363.3
571.78,363.3833333333333
571.81,363.46666666666664
571.83,363.55
571.85,363.6166666666667
571.88,363.68333333333334
571.9,363.75
571.92,363.8
571.95,363.8666666666667
571.97,363.9166666666667
571.99,363.9166666666667
572.02,363.8833333333333
572.04,363.81666666666666
572.06,363.71666666666664
572.09,363.5833333333333
572.11,363.4166666666667
572.13,363.23333333333335
572.16,363.05
572.18,362.9
572.2,362.75
572.22,362.6
572.25,362.5
572.27,362.43333333333334
572.29,362.4166666666667
572.35,362.43333333333334
572.37,362.45
572.39,362.45
572.42,362.45
572.44,362.4166666666667
572.46,362.3666666666667
572.48,362.31666666666666
572.51,362.26666666666665
572.53,362.21666666666664
572.55,362.18333333333334
572.58,362.18333333333334
572.6,362.2
572.62,362.21666666666664
572.65,362.25
572.67,362.28333333333336
572.69,362.31666666666666
572.72,362.3333333333333
572.74,362.3666666666667
572.76,362.3833333333333
572.79,362.4166666666667
572.81,362.45
572.83,362.46666666666664
572.86,362.5
572.88,362.5
572.9,362.48333333333335
572.96,362.45
572.98,362.4
573.0,362.35
573.03,362.26666666666665
573.05,362.18333333333334
573.07,362.06666666666666
573.1,361.95
573.12,361.81666666666666
573.14,361.6666666666667
573.17,361.51666666666665
573.19,361.3833333333333
573.21,361.26666666666665
573.24,361.18333333333334
573.26,361.1
573.28,361.01666666666665
573.3,360.96666666666664
573.33,360.9166666666667
573.35,360.8666666666667
573.37,360.81666666666666
573.4,360.76666666666665
573.42,360.73333333333335
573.44,360.71666666666664
573.47,360.73333333333335
573.49,360.76666666666665
573.51,360.81666666666666
573.56,360.8833333333333
573.59,360.96666666666664
573.61,361.06666666666666
573.63,361.1666666666667
573.66,361.25
573.68,361.3333333333333
573.71,361.3833333333333
573.73,361.4166666666667
573.75,361.45
573.77,361.45
573.8,361.4
573.82,361.35
573.84,361.31666666666666
573.87,361.28333333333336
573.89,361.25
573.91,361.23333333333335
573.94,361.2
573.96,361.18333333333334
573.98,361.1666666666667
574.01,361.15
574.03,361.1166666666667
574.05,361.1
574.08,361.0833333333333
574.1,361.06666666666666
574.15,361.05
574.18,361.03333333333336
574.2,361.03333333333336
574.22,361.01666666666665
574.25,360.98333333333335
574.27,360.95
574.29,360.9166666666667
574.32,360.8833333333333
574.34,360.85
574.36,360.85
574.39,360.8666666666667
574.41,360.93333333333334
574.43,361.03333333333336
574.46,361.1333333333333
574.48,361.25
574.5,361.35
574.53,361.45
574.55,361.53333333333336
574.57,361.6166666666667
574.6,361.6666666666667
574.62,361.7
574.64,361.7
574.66,361.7
574.69,361.6666666666667
574.71,361.65
574.76,361.6166666666667
574.79,361.56666666666666
574.81,361.51666666666665
574.83,361.46666666666664
574.86,361.4166666666667
574.88,361.3666666666667
574.9,361.31666666666666
574.93,361.26666666666665
574.95,361.2
574.97,361.1333333333333
574.99,361.0833333333333
575.02,361.01666666666665
575.04,360.96666666666664
575.07,360.9
575.09,360.85
575.11,360.81666666666666
575.13,360.78333333333336
575.16,360.78333333333336
575.18,360.78333333333336
575.21,360.78333333333336
575.23,360.8
575.25,360.81666666666666
575.28,360.8333333333333
575.3,360.85
575.32,360.8666666666667
575.37,360.8833333333333
575.4,360.9
575.42,360.93333333333334
575.44,360.95
575.47,360.98333333333335
575.49,361.01666666666665
575.51,361.05
575.54,361.06666666666666
575.56,361.0833333333333
575.58,361.1
575.61,361.1166666666667
575.63,361.1166666666667
575.65,361.1
575.68,361.0833333333333
575.7,361.0833333333333
575.72,361.0833333333333
575.75,361.0833333333333
575.77,361.1
575.79,361.1
575.82,361.0833333333333
575.84,361.06666666666666
575.86,361.01666666666665
575.89,360.95
575.91,360.8833333333333
575.93,360.81666666666666
575.98,360.75
576.01,360.7
576.03,360.6666666666667
576.05,360.65
576.08,360.65
576.1,360.68333333333334
576.12,360.73333333333335
576.15,360.8
576.17,360.8833333333333
576.19,360.96666666666664
576.22,361.06666666666666
576.24,361.1666666666667
576.26,361.26666666666665
576.29,361.35
576.31,361.43333333333334
576.33,361.5
576.36,361.55
576.38,361.6
576.41,361.6333333333333
576.43,361.6666666666667
576.45,361.68333333333334
576.48,361.7
576.5,361.68333333333334
576.52,361.6666666666667
576.57,361.65
576.6,361.6166666666667
576.62,361.5833333333333
576.64,361.55
576.67,361.51666666666665
576.69,361.48333333333335
576.71,361.45
576.74,361.4166666666667
576.76,361.4
576.78,361.3833333333333
576.8,361.3666666666667
576.83,361.3666666666667
576.85,361.35
576.88,361.35
576.9,361.35
576.92,361.3333333333333
576.95,361.31666666666666
576.97,361.3
576.99,361.28333333333336
577.01,361.26666666666665
577.04,361.25
577.06,361.23333333333335
577.08,361.23333333333335
577.11,361.25
577.13,361.28333333333336
577.18,361.3
577.21,361.31666666666666
577.23,361.3333333333333
577.25,361.35
577.27,361.3833333333333
577.3,361.4166666666667
577.32,361.45
577.34,361.5
577.37,361.53333333333336
577.39,361.55
577.41,361.55
577.44,361.55
577.46,361.51666666666665
577.48,361.46666666666664
577.51,361.4166666666667
577.53,361.35
577.55,361.26666666666665
577.58,361.2
577.6,361.1166666666667
577.63,361.05
577.65,360.98333333333335
577.67,360.9166666666667
577.69,360.85
577.72,360.78333333333336
577.74,360.73333333333335
577.79,360.68333333333334
577.82,360.65
577.84,360.6333333333333
577.86,360.6166666666667
577.89,360.6333333333333
577.91,360.65
577.93,360.7
577.95,360.75
577.98,360.8333333333333
578.0,360.9166666666667
578.02,360.96666666666664
578.05,361.01666666666665
578.07,361.06666666666666
578.09,361.1
578.12,361.1333333333333
578.14,361.15
578.16,361.1666666666667
578.19,361.18333333333334
578.21,361.18333333333334
578.23,361.18333333333334
578.26,361.18333333333334
578.28,361.1666666666667
578.3,361.1666666666667
578.33,361.15
578.35,361.1333333333333
578.4,361.1166666666667
578.42,361.1
578.45,361.0833333333333
578.47,361.0833333333333
578.49,361.0833333333333
578.52,361.0833333333333
578.54,361.0833333333333
578.56,361.06666666666666
578.59,361.03333333333336
578.61,360.98333333333335
578.64,360.95
578.66,360.9166666666667
578.68,360.8833333333333
578.71,360.85
578.73,360.8333333333333
578.75,360.8333333333333
578.78,360.8333333333333
578.8,360.85
578.82,360.8833333333333
578.84,360.93333333333334
578.87,360.98333333333335
578.89,361.05
578.91,361.1333333333333
578.94,361.21666666666664
578.99,361.26666666666665
579.01,361.35
579.04,361.43333333333334
579.06,361.5
579.08,361.5833333333333
579.1,361.6333333333333
579.13,361.6666666666667
579.15,361.68333333333334
579.18,361.7
579.2,361.7
579.22,361.68333333333334
579.25,361.6666666666667
579.27,361.6333333333333
579.29,361.6
579.32,361.56666666666666
579.34,361.51666666666665
579.36,361.46666666666664
579.39,361.3833333333333
579.41,361.3
579.43,361.18333333333334
579.45,361.06666666666666
579.48,360.96666666666664
579.5,360.8833333333333
579.52,360.81666666666666
579.55,360.76666666666665
579.6,360.78333333333336
579.62,360.81666666666666
579.65,360.8333333333333
579.67,360.85
579.69,360.8666666666667
579.72,360.8833333333333
579.74,360.9
579.76,360.9166666666667
579.79,360.9166666666667
579.81,360.93333333333334
579.83,360.95
579.86,360.96666666666664
579.88,360.98333333333335
579.9,361.0
579.93,361.01666666666665
579.95,361.03333333333336
579.97,361.03333333333336
580.0,361.03333333333336
580.02,361.05
580.04,361.0833333333333
580.07,361.1333333333333
580.09,361.18333333333334
580.11,361.23333333333335
580.14,361.26666666666665
580.16,361.3
580.21,361.28333333333336
580.23,361.23333333333335
580.26,361.1666666666667
580.28,361.06666666666666
580.3,360.96666666666664
580.33,360.85
580.35,360.75
580.37,360.65
580.4,360.56666666666666
580.42,360.51666666666665
580.44,360.5
580.47,360.48333333333335
580.49,360.48333333333335
580.51,360.48333333333335
580.53,360.48333333333335
580.56,360.5
580.58,360.53333333333336
580.6,360.5833333333333
580.63,360.6333333333333
580.65,360.7
580.67,360.78333333333336
580.7,360.8833333333333
580.72,360.98333333333335
580.74,361.06666666666666
580.77,361.1333333333333
580.82,361.2
580.84,361.25
580.86,361.3
580.89,361.35
580.91,361.4166666666667
580.94,361.46666666666664
580.96,361.51666666666665
580.98,361.55
581.01,361.56666666666666
581.03,361.56666666666666
581.05,361.5
581.08,361.43333333333334
581.1,361.3666666666667
581.12,361.3
581.15,361.25
581.17,361.2
581.19,361.1666666666667
581.22,361.15
581.24,361.15
581.26,361.1333333333333
581.28,361.1333333333333
581.31,361.1333333333333
581.33,361.1333333333333
581.35,361.1333333333333
581.41,361.1166666666667
581.43,361.1
581.45,361.1
581.47,361.1
581.5,361.0833333333333
581.52,361.06666666666666
581.54,361.03333333333336
581.57,361.01666666666665
581.59,361.0
581.61,361.01666666666665
581.64,361.05
581.66,361.1166666666667
581.68,361.2
581.71,361.28333333333336
581.73,361.3833333333333
581.75,361.46666666666664
581.78,361.55
581.8,361.6
581.82,361.65
581.85,361.68333333333334
581.87,361.68333333333334
581.89,361.68333333333334
581.92,361.6666666666667
581.94,361.6333333333333
581.96,361.6
582.01,361.55
582.04,361.48333333333335
582.06,361.4166666666667
582.09,361.35
582.11,361.28333333333336
582.13,361.21666666666664
582.16,361.15
582.18,361.06666666666666
582.2,361.0
582.22,360.93333333333334
582.25,360.8833333333333
582.27,360.8333333333333
582.29,360.8
582.32,360.78333333333336
582.34,360.76666666666665
582.36,360.76666666666665
582.39,360.78333333333336
582.41,360.81666666666666
582.43,360.8666666666667
582.46,360.9166666666667
582.48,360.96666666666664
582.5,361.03333333333336
582.53,361.0833333333333
582.55,361.1333333333333
582.57,361.18333333333334
582.63,361.23333333333335
582.65,361.26666666666665
582.67,361.28333333333336
582.69,361.28333333333336
582.72,361.28333333333336
582.74,361.28333333333336
582.76,361.26666666666665
582.79,361.25
582.81,361.25
582.83,361.25
582.86,361.25
582.88,361.23333333333335
582.9,361.21666666666664
582.93,361.2
582.95,361.18333333333334
582.97,361.1666666666667
583.0,361.15
583.02,361.1333333333333
583.04,361.1166666666667
583.07,361.1
583.09,361.06666666666666
583.11,361.03333333333336
583.14,361.0
583.16,360.98333333333335
583.21,360.95
583.23,360.93333333333334
583.26,360.93333333333334
583.28,360.96666666666664
583.3,361.0
583.33,361.05
583.35,361.1166666666667
583.37,361.18333333333334
583.4,361.25
583.42,361.31666666666666
583.44,361.3833333333333
583.47,361.45
583.49,361.51666666666665
583.51,361.56666666666666
583.54,361.6166666666667
583.56,361.65
583.58,361.6666666666667
583.61,361.68333333333334
583.63,361.7
583.65,361.7
583.68,361.7
583.7,361.68333333333334
583.72,361.65
583.75,361.6166666666667
583.77,361.56666666666666
583.82,361.53333333333336
583.84,361.48333333333335
583.87,361.43333333333334
583.89,361.3666666666667
583.91,361.3
583.94,361.25
583.96,361.21666666666664
583.98,361.18333333333334
584.01,361.15
584.03,361.1333333333333
584.05,361.1333333333333
584.08,361.1166666666667
584.1,361.1166666666667
584.12,361.1166666666667
584.15,361.1166666666667
584.17,361.1166666666667
584.19,361.1166666666667
584.22,361.1166666666667
584.24,361.1166666666667
584.26,361.1
584.28,361.0833333333333
584.31,361.0833333333333
584.34,361.1
584.36,361.1166666666667
584.41,361.1333333333333
584.43,361.1666666666667
584.46,361.2
584.48,361.23333333333335
584.5,361.25
584.53,361.26666666666665
584.55,361.26666666666665
584.57,361.26666666666665
584.6,361.25
584.62,361.21666666666664
584.64,361.18333333333334
584.67,361.15
584.69,361.1
584.71,361.05
584.73,360.98333333333335
584.76,360.9166666666667
584.78,360.85
584.8,360.78333333333336
584.83,360.71666666666664
584.85,360.6666666666667
584.88,360.6166666666667
584.9,360.5833333333333
584.92,360.56666666666666
584.95,360.55
584.97,360.55
585.02,360.55
585.04,360.56666666666666
585.07,360.6
585.09,360.65
585.11,360.7
585.14,360.75
585.16,360.81666666666666
585.18,360.8833333333333
585.21,360.96666666666664
585.23,361.03333333333336
585.25,361.1
585.28,361.15
585.3,361.2
585.32,361.25
585.35,361.3
585.37,361.3333333333333
585.39,361.35
585.42,361.35
585.44,361.3333333333333
585.47,361.3333333333333
585.49,361.31666666666666
585.51,361.28333333333336
585.54,361.25
585.56,361.21666666666664
585.58,361.18333333333334
585.63,361.18333333333334
585.66,361.1666666666667
585.68,361.1666666666667
585.7,361.1666666666667
585.73,361.1666666666667
585.75,361.1666666666667
585.78,361.1666666666667
585.8,361.15
585.82,361.1333333333333
585.84,361.1166666666667
585.87,361.1
585.89,361.0833333333333
585.91,361.06666666666666
585.94,361.05
585.96,361.05
585.98,361.05
586.01,361.06666666666666
586.03,361.0833333333333
586.05,361.1166666666667
586.08,361.1666666666667
586.1,361.21666666666664
586.12,361.28333333333336
586.15,361.3666666666667
586.17,361.43333333333334
586.19,361.51666666666665
586.24,361.56666666666666
586.27,361.6166666666667
586.29,361.65
586.32,361.68333333333334
586.34,361.7
586.36,361.71666666666664
586.39,361.7
586.41,361.6666666666667
586.43,361.65
586.46,361.6166666666667
586.48,361.56666666666666
586.5,361.51666666666665
586.53,361.45
586.55,361.3666666666667
586.57,361.28333333333336
586.6,361.2
586.62,361.1
586.65,361.0
586.67,360.9
586.69,360.8333333333333
586.72,360.76666666666665
586.74,360.71666666666664
586.76,360.68333333333334
586.78,360.6666666666667
586.84,360.7
586.86,360.75
586.88,360.81666666666666
586.91,360.8833333333333
586.93,360.95
586.95,361.0
586.98,361.05
587.0,361.0833333333333
587.02,361.1166666666667
587.04,361.1333333333333
587.07,361.15
587.09,361.1333333333333
587.12,361.1333333333333
587.14,361.1333333333333
587.16,361.1333333333333
587.19,361.15
587.21,361.18333333333334
587.23,361.21666666666664
587.26,361.23333333333335
587.28,361.25
587.3,361.25
587.33,361.23333333333335
587.35,361.21666666666664
587.37,361.18333333333334
587.4,361.1666666666667
587.45,361.1166666666667
587.47,361.0833333333333
587.49,361.03333333333336
587.52,360.98333333333335
587.54,360.93333333333334
587.56,360.8833333333333
587.59,360.8333333333333
587.61,360.78333333333336
587.63,360.73333333333335
587.66,360.7
587.68,360.6666666666667
587.7,360.6666666666667
587.73,360.6666666666667
587.75,360.7
587.78,360.73333333333335
587.8,360.76666666666665
587.82,360.8
587.85,360.8666666666667
587.87,360.93333333333334
587.89,360.98333333333335
587.92,361.03333333333336
587.94,361.1
587.96,361.15
587.99,361.2
588.01,361.25
588.06,361.3
588.09,361.35
588.11,361.4
588.13,361.46666666666664
588.15,361.51666666666665
588.18,361.55
588.2,361.5833333333333
588.22,361.6
588.25,361.6
588.27,361.5833333333333
588.29,361.51666666666665
588.32,361.43333333333334
588.34,361.35
588.36,361.26666666666665
588.39,361.2
588.41,361.15
588.43,361.1
588.46,361.0833333333333
588.48,361.06666666666666
588.51,361.06666666666666
588.53,361.06666666666666
588.55,361.06666666666666
588.58,361.06666666666666
588.6,361.05
588.62,361.05
588.67,361.03333333333336
588.7,361.01666666666665
588.72,361.0
588.74,361.0
588.77,361.0
588.79,361.01666666666665
588.81,361.05
588.84,361.0833333333333
588.86,361.1333333333333
588.89,361.1666666666667
588.91,361.21666666666664
588.93,361.25
588.96,361.28333333333336
588.98,361.31666666666666
589.0,361.35
589.03,361.3833333333333
589.05,361.4
589.07,361.4166666666667
589.1,361.4166666666667
589.12,361.4
589.14,361.3666666666667
589.17,361.31666666666666
589.19,361.26666666666665
589.21,361.2
589.26,361.1
589.29,361.01666666666665
589.31,360.93333333333334
589.33,360.85
589.36,360.78333333333336
589.38,360.73333333333335
589.4,360.7
589.43,360.6666666666667
589.45,360.65
589.47,360.65
589.5,360.6666666666667
589.52,360.68333333333334
589.54,360.71666666666664
589.57,360.76666666666665
589.59,360.8
589.61,360.8666666666667
589.64,360.93333333333334
589.66,360.98333333333335
589.68,361.03333333333336
589.71,361.0833333333333
589.73,361.1333333333333
589.75,361.18333333333334
589.78,361.23333333333335
589.8,361.26666666666665
589.82,361.3
589.88,361.35
589.9,361.3666666666667
589.92,361.3833333333333
589.95,361.3833333333333
589.97,361.3833333333333
589.99,361.3666666666667
590.02,361.35
590.04,361.35
590.06,361.3333333333333
590.09,361.3333333333333
590.11,361.31666666666666
590.13,361.3
590.16,361.28333333333336
590.18,361.26666666666665
590.2,361.25
590.23,361.23333333333335
590.25,361.21666666666664
590.27,361.2
590.3,361.18333333333334
590.32,361.15
590.34,361.1333333333333
590.37,361.1166666666667
590.39,361.1166666666667
590.41,361.1166666666667
590.44,361.1166666666667
590.49,361.1166666666667
590.51,361.1166666666667
590.53,361.1333333333333
590.56,361.15
590.58,361.18333333333334
590.6,361.23333333333335
590.63,361.28333333333336
590.65,361.35
590.67,361.4166666666667
590.7,361.46666666666664
590.72,361.55
590.74,361.6166666666667
590.77,361.68333333333334
590.79,361.71666666666664
590.82,361.73333333333335
590.84,361.73333333333335
590.86,361.7
590.88,361.65
590.91,361.5833333333333
590.93,361.51666666666665
590.95,361.43333333333334
590.98,361.35
591.0,361.25
591.03,361.15
591.05,361.06666666666666
591.1,361.0
591.12,360.93333333333334
591.15,360.9
591.17,360.8833333333333
591.2,360.8833333333333
591.22,360.9
591.24,360.93333333333334
591.27,360.96666666666664
591.29,361.0
591.31,361.03333333333336
591.34,361.03333333333336
591.36,361.05
591.38,361.06666666666666
591.41,361.0833333333333
591.43,361.1
591.45,361.1166666666667
591.47,361.1333333333333
591.5,361.15
591.52,361.1666666666667
591.54,361.18333333333334
591.57,361.2
591.59,361.21666666666664
591.61,361.21666666666664
591.64,361.21666666666664
591.69,361.21666666666664
591.71,361.21666666666664
591.73,361.21666666666664
591.76,361.21666666666664
591.78,361.2
591.81,361.18333333333334
591.83,361.15
591.85,361.1333333333333
591.88,361.1
591.9,361.06666666666666
591.92,361.03333333333336
591.95,361.0
591.97,360.96666666666664
591.99,360.93333333333334
592.02,360.9
592.04,360.8666666666667
592.06,360.8333333333333
592.09,360.81666666666666
592.11,360.8
592.13,360.78333333333336
592.16,360.78333333333336
592.18,360.78333333333336
592.2,360.78333333333336
592.23,360.78333333333336
592.25,360.81666666666666
592.3,360.8333333333333
592.33,360.8666666666667
592.35,360.9166666666667
592.37,360.98333333333335
592.4,361.06666666666666
592.42,361.15
592.44,361.23333333333335
592.47,361.31666666666666
592.49,361.4166666666667
592.51,361.5
592.54,361.5833333333333
592.56,361.6166666666667
592.58,361.65
592.61,361.6666666666667
592.63,361.6666666666667
592.65,361.6333333333333
592.67,361.5833333333333
592.7,361.51666666666665
592.72,361.45
592.74,361.3833333333333
592.77,361.3333333333333
592.79,361.28333333333336
592.82,361.23333333333335
592.84,361.18333333333334
592.86,361.15
592.91,361.1333333333333
592.94,361.1166666666667
592.96,361.1
592.98,361.0833333333333
593.01,361.0833333333333
593.03,361.06666666666666
593.05,361.06666666666666
593.08,361.06666666666666
593.1,361.0833333333333
593.12,361.1
593.15,361.1166666666667
593.17,361.1333333333333
593.19,361.15
593.22,361.15
593.24,361.1666666666667
593.26,361.2
593.29,361.23333333333335
593.31,361.26666666666665
593.33,361.3
593.36,361.3333333333333
593.38,361.3833333333333
593.4,361.43333333333334
593.43,361.48333333333335
593.45,361.51666666666665
593.5,361.51666666666665
593.53,361.51666666666665
593.55,361.5
593.57,361.46666666666664
593.6,361.4166666666667
593.62,361.35
593.64,361.28333333333336
593.67,361.2
593.69,361.1166666666667
593.71,361.03333333333336
593.74,360.93333333333334
593.76,360.8666666666667
593.78,360.8
593.81,360.75
593.83,360.7
593.85,360.65
593.88,360.6166666666667
593.9,360.6
593.92,360.6
593.95,360.6
593.97,360.6166666666667
593.99,360.6333333333333
594.02,360.6666666666667
594.04,360.7
594.06,360.73333333333335
594.11,360.78333333333336
594.14,360.85
594.16,360.9166666666667
594.18,360.98333333333335
594.21,361.03333333333336
594.23,361.0833333333333
594.25,361.1166666666667
594.28,361.15
594.3,361.18333333333334
594.32,361.21666666666664
594.34,361.23333333333335
594.37,361.23333333333335
594.39,361.25
594.41,361.25
594.44,361.25
594.46,361.23333333333335
594.48,361.21666666666664
594.51,361.2
594.53,361.18333333333334
594.56,361.15
594.58,361.1166666666667
594.6,361.0833333333333
594.63,361.06666666666666
594.65,361.05
594.67,361.05
594.72,361.03333333333336
594.75,361.01666666666665
594.77,361.0
594.79,360.96666666666664
594.82,360.93333333333334
594.84,360.9166666666667
594.86,360.8833333333333
594.89,360.85
594.91,360.81666666666666
594.93,360.81666666666666
594.96,360.85
594.98,360.8833333333333
595.0,360.93333333333334
595.03,360.98333333333335
595.05,361.05
595.07,361.1333333333333
595.1,361.2
595.12,361.28333333333336
595.14,361.3666666666667
595.17,361.45
595.19,361.53333333333336
595.21,361.6
595.24,361.65
595.26,361.7
595.28,361.73333333333335
595.34,361.75
595.36,361.75
595.38,361.73333333333335
595.4,361.7
595.43,361.65
595.45,361.6
595.47,361.53333333333336
595.5,361.46666666666664
595.52,361.4
595.54,361.3333333333333
595.57,361.25
595.59,361.18333333333334
595.61,361.1166666666667
595.64,361.05
595.66,361.01666666666665
595.68,360.98333333333335
595.71,360.96666666666664
595.73,360.96666666666664
595.76,360.96666666666664
595.78,360.96666666666664
595.8,360.96666666666664
595.83,360.96666666666664
595.85,360.96666666666664
595.87,360.98333333333335
595.92,361.0
595.95,361.03333333333336
595.97,361.06666666666666
595.99,361.0833333333333
